DATA_COMPRA,COD_CLIENTE,COD_PRODUTO,NOME_PRODUTO
20200515,99EMNX01,26635,CELULAR SEMP GO 1E 2G COM BASE PRETO         
20200515,99HBEZ01,26635,CELULAR SEMP GO 1E 2G COM BASE PRETO         
20200515,65780301,26635,CELULAR SEMP GO 1E 2G COM BASE PRETO         
20200515,11779201,26635,CELULAR SEMP GO 1E 2G COM BASE PRETO         
20200515,00182701,26635,CELULAR SEMP GO 1E 2G COM BASE PRETO         
20200515,99JAI401,26635,CELULAR SEMP GO 1E 2G COM BASE PRETO         
20200515,99JAI401,25726,SMARTPHONE SAMSUNG GAL J2 CORE 16GB PRETO    
20200515,60101501,26635,CELULAR SEMP GO 1E 2G COM BASE PRETO         
20200515,83829401,26635,CELULAR SEMP GO 1E 2G COM BASE PRETO         
20200514,14147601,21653,SUPORTE TV UNIVERSAL LCD/LED 10 A 71 SBRUB750
20200514,19877901,26635,CELULAR SEMP GO 1E 2G COM BASE PRETO         
20200514,9NYXEB01,26635,CELULAR SEMP GO 1E 2G COM BASE PRETO         
20200514,99BGP901,26635,CELULAR SEMP GO 1E 2G COM BASE PRETO         
20200514,9O31XB01,26635,CELULAR SEMP GO 1E 2G COM BASE PRETO         
20200514,9O3AL801,26635,CELULAR SEMP GO 1E 2G COM BASE PRETO         
20200513,99IBF601,26635,CELULAR SEMP GO 1E 2G COM BASE PRETO         
20200513,39623201,26635,CELULAR SEMP GO 1E 2G COM BASE PRETO         
20200513,13345701,26635,CELULAR SEMP GO 1E 2G COM BASE PRETO         
20200513,99FTC501,26635,CELULAR SEMP GO 1E 2G COM BASE PRETO         
20200512,76990901,26635,CELULAR SEMP GO 1E 2G COM BASE PRETO         
20200512,31482301,26635,CELULAR SEMP GO 1E 2G COM BASE PRETO         
20200512,18074001,26635,CELULAR SEMP GO 1E 2G COM BASE PRETO         
20200512,53477401,26635,CELULAR SEMP GO 1E 2G COM BASE PRETO         
20200512,15904001,26635,CELULAR SEMP GO 1E 2G COM BASE PRETO         
20200512,12863801,26635,CELULAR SEMP GO 1E 2G COM BASE PRETO         
20200512,9O46M001,25995,"TELEVISOR 24"" S1300 L1850 HD LED SEMP TCL    "
20200512,25922101,26635,CELULAR SEMP GO 1E 2G COM BASE PRETO         
20200512,70684901,26635,CELULAR SEMP GO 1E 2G COM BASE PRETO         
20200512,34449701,26635,CELULAR SEMP GO 1E 2G COM BASE PRETO         
20200511,88762501,26635,CELULAR SEMP GO 1E 2G COM BASE PRETO         
20200511,94839901,26635,CELULAR SEMP GO 1E 2G COM BASE PRETO         
20200511,84542701,25726,SMARTPHONE SAMSUNG GAL J2 CORE 16GB PRETO    
20200511,84542701,25726,SMARTPHONE SAMSUNG GAL J2 CORE 16GB PRETO    
20200511,84542701,26635,CELULAR SEMP GO 1E 2G COM BASE PRETO         
20200511,99F9NT01,26635,CELULAR SEMP GO 1E 2G COM BASE PRETO         
20200511,22720901,26630,TABLET NB316 M7S 16GB QUAD CORE PRETO        
20200511,22720901,26635,CELULAR SEMP GO 1E 2G COM BASE PRETO         
20200510,9OCF1K01,26635,CELULAR SEMP GO 1E 2G COM BASE PRETO         
20200510,82549901,26635,CELULAR SEMP GO 1E 2G COM BASE PRETO         
20200510,9OHIJ401,26635,CELULAR SEMP GO 1E 2G COM BASE PRETO         
20200510,9OM15N01,26635,CELULAR SEMP GO 1E 2G COM BASE PRETO         
20200510,9O1A0201,26635,CELULAR SEMP GO 1E 2G COM BASE PRETO         
20200510,97383001,26635,CELULAR SEMP GO 1E 2G COM BASE PRETO         
20200509,18929901,26635,CELULAR SEMP GO 1E 2G COM BASE PRETO         
20200509,65204101,26635,CELULAR SEMP GO 1E 2G COM BASE PRETO         
20200509,32738701,26635,CELULAR SEMP GO 1E 2G COM BASE PRETO         
20200509,90303201,26635,CELULAR SEMP GO 1E 2G COM BASE PRETO         
20200509,88846301,26630,TABLET NB316 M7S 16GB QUAD CORE PRETO        
20200509,88846301,21464,CASE E SUP.BO197 C  ALCA P TABLET PT ATE 7 po
20200509,88846301,26635,CELULAR SEMP GO 1E 2G COM BASE PRETO         
20200509,79299101,26635,CELULAR SEMP GO 1E 2G COM BASE PRETO         
20200509,10222001,26528,SMARTPHONE LG K40S LMX430 BMW AZUL           
20200509,99LS4T01,26635,CELULAR SEMP GO 1E 2G COM BASE PRETO         
20200509,37492601,26635,CELULAR SEMP GO 1E 2G COM BASE PRETO         
20200509,99CDUM01,26635,CELULAR SEMP GO 1E 2G COM BASE PRETO         
20200509,99F9TD01,26635,CELULAR SEMP GO 1E 2G COM BASE PRETO         
20200509,99BM2U01,26635,CELULAR SEMP GO 1E 2G COM BASE PRETO         
20200509,99N0DU01,26635,CELULAR SEMP GO 1E 2G COM BASE PRETO         
20200509,9ODA5901,26635,CELULAR SEMP GO 1E 2G COM BASE PRETO         
20200509,YZ0AD201,23807,KIT AUTOMOTIVO AU 953 MP3+4 ALTO FALANTES    
20200509,YZ0Z2001,26635,CELULAR SEMP GO 1E 2G COM BASE PRETO         
20200509,YZ0YAY01,25726,SMARTPHONE SAMSUNG GAL J2 CORE 16GB PRETO    
20200509,YZ0YAY01,26635,CELULAR SEMP GO 1E 2G COM BASE PRETO         
20200508,YZ0XPA01,26635,CELULAR SEMP GO 1E 2G COM BASE PRETO         
20200508,22720901,25172,SMARTPHONE LG K9 TV LM-X210BMW PRETO         
20200508,99EYA901,25579,SMARTPHONE SAMSUNG GAL J6 PLUS 32GB PRATA    
20200508,99BMM701,26635,CELULAR SEMP GO 1E 2G COM BASE PRETO         
20200508,9O1A0201,26635,CELULAR SEMP GO 1E 2G COM BASE PRETO         
20200508,9OBSG101,26635,CELULAR SEMP GO 1E 2G COM BASE PRETO         
20200508,72195901,26635,CELULAR SEMP GO 1E 2G COM BASE PRETO         
20200508,99I5QJ01,26635,CELULAR SEMP GO 1E 2G COM BASE PRETO         
20200508,03669901,26635,CELULAR SEMP GO 1E 2G COM BASE PRETO         
20200508,99FBOG01,26635,CELULAR SEMP GO 1E 2G COM BASE PRETO         
20200508,11823301,26635,CELULAR SEMP GO 1E 2G COM BASE PRETO         
20200508,99GXTA01,26524,SMARTPHONE LG K12 MAX PRETO                  
20200508,99GXTA01,26635,CELULAR SEMP GO 1E 2G COM BASE PRETO         
20200508,9NY2CI01,26635,CELULAR SEMP GO 1E 2G COM BASE PRETO         
20200508,72274601,26635,CELULAR SEMP GO 1E 2G COM BASE PRETO         
20200507,YZ0WM301,26635,CELULAR SEMP GO 1E 2G COM BASE PRETO         
20200507,YZ0WFN01,26635,CELULAR SEMP GO 1E 2G COM BASE PRETO         
20200507,99H6HH01,26635,CELULAR SEMP GO 1E 2G COM BASE PRETO         
20200507,9OQU4P01,26635,CELULAR SEMP GO 1E 2G COM BASE PRETO         
20200507,99ABHL01,26635,CELULAR SEMP GO 1E 2G COM BASE PRETO         
20200507,68437501,25172,SMARTPHONE LG K9 TV LM-X210BMW PRETO         
20200507,90548701,26635,CELULAR SEMP GO 1E 2G COM BASE PRETO         
20200507,9O9XHE01,26635,CELULAR SEMP GO 1E 2G COM BASE PRETO         
20200507,21707701,26635,CELULAR SEMP GO 1E 2G COM BASE PRETO         
20200507,97752601,26635,CELULAR SEMP GO 1E 2G COM BASE PRETO         
20200507,13403901,26635,CELULAR SEMP GO 1E 2G COM BASE PRETO         
20200507,34955901,26635,CELULAR SEMP GO 1E 2G COM BASE PRETO         
20200507,9OE8NP01,26635,CELULAR SEMP GO 1E 2G COM BASE PRETO         
20200507,99MDPH01,26635,CELULAR SEMP GO 1E 2G COM BASE PRETO         
20200507,9NZGGZ01,26635,CELULAR SEMP GO 1E 2G COM BASE PRETO         
20200507,12505501,26635,CELULAR SEMP GO 1E 2G COM BASE PRETO         
20200507,12505501,26631,TABLET NB317 M7S 16GB QUAD CORE BRANCO       
20200507,99BZF901,26635,CELULAR SEMP GO 1E 2G COM BASE PRETO         
20200507,41957301,26635,CELULAR SEMP GO 1E 2G COM BASE PRETO         
20200507,50090601,26635,CELULAR SEMP GO 1E 2G COM BASE PRETO         
20200506,YZ0UW901,26635,CELULAR SEMP GO 1E 2G COM BASE PRETO         
20200506,YZ0VAD01,26635,CELULAR SEMP GO 1E 2G COM BASE PRETO         
20200506,63904301,25582,SMARTPHONE LG K11 PLUS DB DOURADO            
20200506,63904301,26635,CELULAR SEMP GO 1E 2G COM BASE PRETO         
20200506,37077801,26635,CELULAR SEMP GO 1E 2G COM BASE PRETO         
20200506,47794901,26635,CELULAR SEMP GO 1E 2G COM BASE PRETO         
20200506,01798101,26635,CELULAR SEMP GO 1E 2G COM BASE PRETO         
20200506,70663501,26635,CELULAR SEMP GO 1E 2G COM BASE PRETO         
20200506,37754201,26324,"TELEVISOR SMART 32"" 32S5300 HD BLUET SEMP TCL"
20200506,49522501,26635,CELULAR SEMP GO 1E 2G COM BASE PRETO         
20200506,9O566Q01,26635,CELULAR SEMP GO 1E 2G COM BASE PRETO         
20200506,20449701,26635,CELULAR SEMP GO 1E 2G COM BASE PRETO         
20200506,9OJVL701,26635,CELULAR SEMP GO 1E 2G COM BASE PRETO         
20200506,58844001,26635,CELULAR SEMP GO 1E 2G COM BASE PRETO         
20200506,03822201,26325,"TELEVISOR SMART 43"" 43S5300 HD BLUET SEMP TCL"
20200505,YZ0TLR01,26635,CELULAR SEMP GO 1E 2G COM BASE PRETO         
20200505,YZ0TNH01,26635,CELULAR SEMP GO 1E 2G COM BASE PRETO         
20200505,99JSJG01,26635,CELULAR SEMP GO 1E 2G COM BASE PRETO         
20200505,9OGNOZ01,26635,CELULAR SEMP GO 1E 2G COM BASE PRETO         
20200505,9OGNOZ01,26526,SMARTPHONE LG K12 MAX PLATINUM               
20200505,99E5E501,25679,SMARTPHONE MOTOROLA MOTO G7 XT1962-4 DB ONIX 
20200505,99G1GI01,26635,CELULAR SEMP GO 1E 2G COM BASE PRETO         
20200505,11762601,26635,CELULAR SEMP GO 1E 2G COM BASE PRETO         
20200505,36925301,26635,CELULAR SEMP GO 1E 2G COM BASE PRETO         
20200505,10642901,26635,CELULAR SEMP GO 1E 2G COM BASE PRETO         
20200504,67537001,26635,CELULAR SEMP GO 1E 2G COM BASE PRETO         
20200504,48602201,21854,CELULAR BLU JENNY 2.8 T276 DB PRETO-AZUL     
20200504,96247301,26635,CELULAR SEMP GO 1E 2G COM BASE PRETO         
20200504,99EY3201,21653,SUPORTE TV UNIVERSAL LCD/LED 10 A 71 SBRUB750
20200504,99EF3301,26635,CELULAR SEMP GO 1E 2G COM BASE PRETO         
20200504,9ON7KF01,26635,CELULAR SEMP GO 1E 2G COM BASE PRETO         
20200504,9OKX5C01,26635,CELULAR SEMP GO 1E 2G COM BASE PRETO         
20200504,9NZRHU01,26635,CELULAR SEMP GO 1E 2G COM BASE PRETO         
20200504,9O6L1101,26635,CELULAR SEMP GO 1E 2G COM BASE PRETO         
20200504,50138701,26635,CELULAR SEMP GO 1E 2G COM BASE PRETO         
20200504,94017001,26635,CELULAR SEMP GO 1E 2G COM BASE PRETO         
20200504,99JWBU01,26635,CELULAR SEMP GO 1E 2G COM BASE PRETO         
20200502,YZ0RMU01,26635,CELULAR SEMP GO 1E 2G COM BASE PRETO         
20200502,YZ0RNW01,26635,CELULAR SEMP GO 1E 2G COM BASE PRETO         
20200502,YZ0RMK01,26635,CELULAR SEMP GO 1E 2G COM BASE PRETO         
20200502,YZ0RS601,26635,CELULAR SEMP GO 1E 2G COM BASE PRETO         
20200502,48602201,26635,CELULAR SEMP GO 1E 2G COM BASE PRETO         
20200502,9OFDDR01,26635,CELULAR SEMP GO 1E 2G COM BASE PRETO         
20200502,99EZ1H01,26635,CELULAR SEMP GO 1E 2G COM BASE PRETO         
20200502,99CRJ201,21256,CELULAR BLU TANK II T193 DB PRETO AZUL       
20200502,81658901,26635,CELULAR SEMP GO 1E 2G COM BASE PRETO         
20200502,82969501,26635,CELULAR SEMP GO 1E 2G COM BASE PRETO         
20200502,82969501,25726,SMARTPHONE SAMSUNG GAL J2 CORE 16GB PRETO    
20200501,75410601,26635,CELULAR SEMP GO 1E 2G COM BASE PRETO         
20200501,99H6FN01,26635,CELULAR SEMP GO 1E 2G COM BASE PRETO         
20200501,12393701,26635,CELULAR SEMP GO 1E 2G COM BASE PRETO         
20200430,75410601,26325,"TELEVISOR SMART 43"" 43S5300 HD BLUET SEMP TCL"
20200430,29864001,26635,CELULAR SEMP GO 1E 2G COM BASE PRETO         
20200430,21830701,26635,CELULAR SEMP GO 1E 2G COM BASE PRETO         
20200430,99B6IX01,26635,CELULAR SEMP GO 1E 2G COM BASE PRETO         
20200429,90159701,26635,CELULAR SEMP GO 1E 2G COM BASE PRETO         
20200429,YZ0PQX01,26635,CELULAR SEMP GO 1E 2G COM BASE PRETO         
20200428,99GTF601,26635,CELULAR SEMP GO 1E 2G COM BASE PRETO         
20200428,9OOOF901,26635,CELULAR SEMP GO 1E 2G COM BASE PRETO         
20200428,9O6YP401,26635,CELULAR SEMP GO 1E 2G COM BASE PRETO         
20200428,99CNVI01,26635,CELULAR SEMP GO 1E 2G COM BASE PRETO         
20200427,9O40RA01,25239,TABLET NB710 MS60 PRETO/PRATA MULTILASER     
20200427,9OB7UW01,26635,CELULAR SEMP GO 1E 2G COM BASE PRETO         
20200427,9OOVFY01,26635,CELULAR SEMP GO 1E 2G COM BASE PRETO         
20200427,70282601,26635,CELULAR SEMP GO 1E 2G COM BASE PRETO         
20200427,9OB95J01,26635,CELULAR SEMP GO 1E 2G COM BASE PRETO         
20200427,10038601,26635,CELULAR SEMP GO 1E 2G COM BASE PRETO         
20200427,00853801,26324,"TELEVISOR SMART 32"" 32S5300 HD BLUET SEMP TCL"
20200425,99F60301,26635,CELULAR SEMP GO 1E 2G COM BASE PRETO         
20200425,99CSCS01,26635,CELULAR SEMP GO 1E 2G COM BASE PRETO         
20200425,88180201,26635,CELULAR SEMP GO 1E 2G COM BASE PRETO         
20200425,40645901,26635,CELULAR SEMP GO 1E 2G COM BASE PRETO         
20200425,99F0J501,26574,SMARTPHONE SAMSUNG GAL A30S 64GB BRANCO      
20200425,02247901,26635,CELULAR SEMP GO 1E 2G COM BASE PRETO         
20200425,00552701,21653,SUPORTE TV UNIVERSAL LCD/LED 10 A 71 SBRUB750
20200425,YZ0JGF01,25728,SMARTPHONE SAMSUNG GAL J4 CORE 16GB PRETO    
20200424,99C87301,26635,CELULAR SEMP GO 1E 2G COM BASE PRETO         
20200423,99EYX101,21255,CELULAR BLU TANK II T193 DB PRETO VERMELHO   
20200423,99BYUM01,26635,CELULAR SEMP GO 1E 2G COM BASE PRETO         
20200423,99BQUJ01,26635,CELULAR SEMP GO 1E 2G COM BASE PRETO         
20200423,99CBVG01,21255,CELULAR BLU TANK II T193 DB PRETO VERMELHO   
20200423,99JE6701,26635,CELULAR SEMP GO 1E 2G COM BASE PRETO         
20200423,99EJH001,26635,CELULAR SEMP GO 1E 2G COM BASE PRETO         
20200423,99EJH001,25661,CELULAR RIU FLIP 2.4 DB BRANCO               
20200423,9O40RA01,26635,CELULAR SEMP GO 1E 2G COM BASE PRETO         
20200423,YZ0MUG01,26635,CELULAR SEMP GO 1E 2G COM BASE PRETO         
20200423,YZ0MMY01,26635,CELULAR SEMP GO 1E 2G COM BASE PRETO         
20200422,99EYX101,26635,CELULAR SEMP GO 1E 2G COM BASE PRETO         
20200422,49222201,26635,CELULAR SEMP GO 1E 2G COM BASE PRETO         
20200422,9OEVAG01,26635,CELULAR SEMP GO 1E 2G COM BASE PRETO         
20200422,49404501,26635,CELULAR SEMP GO 1E 2G COM BASE PRETO         
20200422,99E5E501,26635,CELULAR SEMP GO 1E 2G COM BASE PRETO         
20200422,9NWJ5O01,26635,CELULAR SEMP GO 1E 2G COM BASE PRETO         
20200422,20983201,26635,CELULAR SEMP GO 1E 2G COM BASE PRETO         
20200421,YZ0LR901,26635,CELULAR SEMP GO 1E 2G COM BASE PRETO         
20200420,99CBVG01,26635,CELULAR SEMP GO 1E 2G COM BASE PRETO         
20200420,99EYA901,26635,CELULAR SEMP GO 1E 2G COM BASE PRETO         
20200419,YZ0L5801,26635,CELULAR SEMP GO 1E 2G COM BASE PRETO         
20200418,9OFHL501,26635,CELULAR SEMP GO 1E 2G COM BASE PRETO         
20200417,9OJBPY01,26635,CELULAR SEMP GO 1E 2G COM BASE PRETO         
20200417,82396201,26635,CELULAR SEMP GO 1E 2G COM BASE PRETO         
20200417,YZ0KJ101,26635,CELULAR SEMP GO 1E 2G COM BASE PRETO         
20200416,57838801,26325,"TELEVISOR SMART 43"" 43S5300 HD BLUET SEMP TCL"
20200416,99F0J501,26635,CELULAR SEMP GO 1E 2G COM BASE PRETO         
20200414,33189201,26635,CELULAR SEMP GO 1E 2G COM BASE PRETO         
20200414,99N6ZE01,26635,CELULAR SEMP GO 1E 2G COM BASE PRETO         
20200414,99BUJR01,26635,CELULAR SEMP GO 1E 2G COM BASE PRETO         
20200414,99BUJR01,26387,SMARTPHONE LG K8 PLUS PLATINUM               
20200414,52270601,26635,CELULAR SEMP GO 1E 2G COM BASE PRETO         
20200414,52270601,26642,CELULAR DL YC230 FLIP DB PRETO/LARANJA       
20200414,52270601,26642,CELULAR DL YC230 FLIP DB PRETO/LARANJA       
20200412,YZ0JGF01,26635,CELULAR SEMP GO 1E 2G COM BASE PRETO         
20200411,32133101,26528,SMARTPHONE LG K40S LMX430 BMW AZUL           
20200402,9O08E501,26635,CELULAR SEMP GO 1E 2G COM BASE PRETO         
20200330,32133101,26635,CELULAR SEMP GO 1E 2G COM BASE PRETO         
20200327,80267801,26635,CELULAR SEMP GO 1E 2G COM BASE PRETO         
20200327,99G1GI01,22619,CELULAR RIU-I R200 DB BRANCO-AZUL            
20200327,99G1GI01,22617,CELULAR RIU-I R200 DB PRETO-VERMELHO         
20200326,99J0N501,26635,CELULAR SEMP GO 1E 2G COM BASE PRETO         
20200326,10941901,26635,CELULAR SEMP GO 1E 2G COM BASE PRETO         
20200325,32133101,22617,CELULAR RIU-I R200 DB PRETO-VERMELHO         
20200321,000Z4C01,26635,CELULAR SEMP GO 1E 2G COM BASE PRETO         
20200321,YZ0H8M01,26635,CELULAR SEMP GO 1E 2G COM BASE PRETO         
20200321,40581301,26635,CELULAR SEMP GO 1E 2G COM BASE PRETO         
20200321,99CDZQ01,26635,CELULAR SEMP GO 1E 2G COM BASE PRETO         
20200321,77601701,26635,CELULAR SEMP GO 1E 2G COM BASE PRETO         
20200321,09299201,26635,CELULAR SEMP GO 1E 2G COM BASE PRETO         
20200321,07192701,26635,CELULAR SEMP GO 1E 2G COM BASE PRETO         
20200321,07192701,26243,SUPORTE UNIV. BEDIN BU-25                    
20200321,72581701,26635,CELULAR SEMP GO 1E 2G COM BASE PRETO         
20200321,50449401,26635,CELULAR SEMP GO 1E 2G COM BASE PRETO         
20200321,07449901,26635,CELULAR SEMP GO 1E 2G COM BASE PRETO         
20200321,99PR2E01,26635,CELULAR SEMP GO 1E 2G COM BASE PRETO         
20200321,99EQ5T01,26635,CELULAR SEMP GO 1E 2G COM BASE PRETO         
20200320,00707301,26635,CELULAR SEMP GO 1E 2G COM BASE PRETO         
20200320,00898501,26635,CELULAR SEMP GO 1E 2G COM BASE PRETO         
20200320,68192101,26635,CELULAR SEMP GO 1E 2G COM BASE PRETO         
20200320,9NZU7B01,26635,CELULAR SEMP GO 1E 2G COM BASE PRETO         
20200320,65653301,26635,CELULAR SEMP GO 1E 2G COM BASE PRETO         
20200320,92750601,26635,CELULAR SEMP GO 1E 2G COM BASE PRETO         
20200320,61862001,26635,CELULAR SEMP GO 1E 2G COM BASE PRETO         
20200320,67992901,26635,CELULAR SEMP GO 1E 2G COM BASE PRETO         
20200320,60939601,26635,CELULAR SEMP GO 1E 2G COM BASE PRETO         
20200320,32397801,26635,CELULAR SEMP GO 1E 2G COM BASE PRETO         
20200320,84722901,26635,CELULAR SEMP GO 1E 2G COM BASE PRETO         
20200320,9O468K01,26635,CELULAR SEMP GO 1E 2G COM BASE PRETO         
20200320,99HYAY01,26635,CELULAR SEMP GO 1E 2G COM BASE PRETO         
20200320,92446901,26635,CELULAR SEMP GO 1E 2G COM BASE PRETO         
20200320,99EN3A01,26635,CELULAR SEMP GO 1E 2G COM BASE PRETO         
20200320,82839401,26635,CELULAR SEMP GO 1E 2G COM BASE PRETO         
20200320,36170201,26635,CELULAR SEMP GO 1E 2G COM BASE PRETO         
20200320,9OMQ9F01,26635,CELULAR SEMP GO 1E 2G COM BASE PRETO         
20200320,18951501,26635,CELULAR SEMP GO 1E 2G COM BASE PRETO         
20200320,72462301,26635,CELULAR SEMP GO 1E 2G COM BASE PRETO         
20200320,78057001,26635,CELULAR SEMP GO 1E 2G COM BASE PRETO         
20200320,YZ0GRL01,26635,CELULAR SEMP GO 1E 2G COM BASE PRETO         
20200320,99HVKX01,26635,CELULAR SEMP GO 1E 2G COM BASE PRETO         
20200320,YYZC7001,26635,CELULAR SEMP GO 1E 2G COM BASE PRETO         
20200319,21455801,26635,CELULAR SEMP GO 1E 2G COM BASE PRETO         
20200319,21455801,26635,CELULAR SEMP GO 1E 2G COM BASE PRETO         
20200319,56415601,26635,CELULAR SEMP GO 1E 2G COM BASE PRETO         
20200319,35900401,26635,CELULAR SEMP GO 1E 2G COM BASE PRETO         
20200319,28794901,26635,CELULAR SEMP GO 1E 2G COM BASE PRETO         
20200319,10061901,26635,CELULAR SEMP GO 1E 2G COM BASE PRETO         
20200319,30089101,26635,CELULAR SEMP GO 1E 2G COM BASE PRETO         
20200319,10435301,26635,CELULAR SEMP GO 1E 2G COM BASE PRETO         
20200319,9OLL7N01,26635,CELULAR SEMP GO 1E 2G COM BASE PRETO         
20200319,9OLL7N01,26635,CELULAR SEMP GO 1E 2G COM BASE PRETO         
20200319,99BXWN01,26635,CELULAR SEMP GO 1E 2G COM BASE PRETO         
20200319,43137901,26635,CELULAR SEMP GO 1E 2G COM BASE PRETO         
20200319,45161901,26635,CELULAR SEMP GO 1E 2G COM BASE PRETO         
20200319,63148701,26635,CELULAR SEMP GO 1E 2G COM BASE PRETO         
20200319,24235101,26635,CELULAR SEMP GO 1E 2G COM BASE PRETO         
20200319,47479901,26635,CELULAR SEMP GO 1E 2G COM BASE PRETO         
20200319,85977601,26635,CELULAR SEMP GO 1E 2G COM BASE PRETO         
20200319,9O5R5I01,26635,CELULAR SEMP GO 1E 2G COM BASE PRETO         
20200319,92027001,26635,CELULAR SEMP GO 1E 2G COM BASE PRETO         
20200319,69623301,26635,CELULAR SEMP GO 1E 2G COM BASE PRETO         
20200319,9OFY6P01,26635,CELULAR SEMP GO 1E 2G COM BASE PRETO         
20200319,99GR0401,26635,CELULAR SEMP GO 1E 2G COM BASE PRETO         
20200319,99IPHP01,26635,CELULAR SEMP GO 1E 2G COM BASE PRETO         
20200319,43199001,26527,SMARTPHONE LG K40S LMX430 BMW PRETO          
20200319,35418801,26635,CELULAR SEMP GO 1E 2G COM BASE PRETO         
20200319,35418801,26635,CELULAR SEMP GO 1E 2G COM BASE PRETO         
20200319,YYY9SZ01,26635,CELULAR SEMP GO 1E 2G COM BASE PRETO         
20200319,99GYRW01,21256,CELULAR BLU TANK II T193 DB PRETO AZUL       
20200319,99GYRW01,26635,CELULAR SEMP GO 1E 2G COM BASE PRETO         
20200319,YZ0GHW01,26635,CELULAR SEMP GO 1E 2G COM BASE PRETO         
20200319,YZ0GA401,26635,CELULAR SEMP GO 1E 2G COM BASE PRETO         
20200318,99FHVP01,26635,CELULAR SEMP GO 1E 2G COM BASE PRETO         
20200318,69579201,26635,CELULAR SEMP GO 1E 2G COM BASE PRETO         
20200318,99GKLV01,26635,CELULAR SEMP GO 1E 2G COM BASE PRETO         
20200318,99GKLV01,26635,CELULAR SEMP GO 1E 2G COM BASE PRETO         
20200318,71329101,26635,CELULAR SEMP GO 1E 2G COM BASE PRETO         
20200318,82537101,26635,CELULAR SEMP GO 1E 2G COM BASE PRETO         
20200318,62480701,22978,CONJ.SC-AKX100LBK PANASONIC                  
20200318,62480701,26635,CELULAR SEMP GO 1E 2G COM BASE PRETO         
20200318,99FHVP01,26247,SMARTPHONE LG K8 PLUS PRETO                  
20200318,9O4N6801,26635,CELULAR SEMP GO 1E 2G COM BASE PRETO         
20200318,65075201,26635,CELULAR SEMP GO 1E 2G COM BASE PRETO         
20200318,9OIA8M01,26635,CELULAR SEMP GO 1E 2G COM BASE PRETO         
20200318,9OIAAB01,26635,CELULAR SEMP GO 1E 2G COM BASE PRETO         
20200318,64142001,26635,CELULAR SEMP GO 1E 2G COM BASE PRETO         
20200318,18709001,26635,CELULAR SEMP GO 1E 2G COM BASE PRETO         
20200318,80741701,26635,CELULAR SEMP GO 1E 2G COM BASE PRETO         
20200318,63148701,26635,CELULAR SEMP GO 1E 2G COM BASE PRETO         
20200318,07112401,26635,CELULAR SEMP GO 1E 2G COM BASE PRETO         
20200318,80379301,26635,CELULAR SEMP GO 1E 2G COM BASE PRETO         
20200318,80379301,26635,CELULAR SEMP GO 1E 2G COM BASE PRETO         
20200318,82244401,26635,CELULAR SEMP GO 1E 2G COM BASE PRETO         
20200318,99GZWB01,26635,CELULAR SEMP GO 1E 2G COM BASE PRETO         
20200318,42676601,26635,CELULAR SEMP GO 1E 2G COM BASE PRETO         
20200318,55140201,26635,CELULAR SEMP GO 1E 2G COM BASE PRETO         
20200318,09508301,26635,CELULAR SEMP GO 1E 2G COM BASE PRETO         
20200318,99GDYW01,26635,CELULAR SEMP GO 1E 2G COM BASE PRETO         
20200318,73600101,26635,CELULAR SEMP GO 1E 2G COM BASE PRETO         
20200318,53851501,26635,CELULAR SEMP GO 1E 2G COM BASE PRETO         
20200318,57374701,26635,CELULAR SEMP GO 1E 2G COM BASE PRETO         
20200318,9O77V801,26635,CELULAR SEMP GO 1E 2G COM BASE PRETO         
20200318,9O60HR01,26635,CELULAR SEMP GO 1E 2G COM BASE PRETO         
20200318,9O6D5P01,26635,CELULAR SEMP GO 1E 2G COM BASE PRETO         
20200318,9OI9QV01,26635,CELULAR SEMP GO 1E 2G COM BASE PRETO         
20200318,85593301,26635,CELULAR SEMP GO 1E 2G COM BASE PRETO         
20200318,99GPQG01,26635,CELULAR SEMP GO 1E 2G COM BASE PRETO         
20200318,9O5TT401,26635,CELULAR SEMP GO 1E 2G COM BASE PRETO         
20200318,9OGWQT01,26635,CELULAR SEMP GO 1E 2G COM BASE PRETO         
20200318,78588001,26635,CELULAR SEMP GO 1E 2G COM BASE PRETO         
20200318,70692101,26635,CELULAR SEMP GO 1E 2G COM BASE PRETO         
20200318,18399001,26635,CELULAR SEMP GO 1E 2G COM BASE PRETO         
20200318,99JL6601,26635,CELULAR SEMP GO 1E 2G COM BASE PRETO         
20200318,99FBVL01,26635,CELULAR SEMP GO 1E 2G COM BASE PRETO         
20200318,55205401,26635,CELULAR SEMP GO 1E 2G COM BASE PRETO         
20200318,55555301,26635,CELULAR SEMP GO 1E 2G COM BASE PRETO         
20200318,79457201,26635,CELULAR SEMP GO 1E 2G COM BASE PRETO         
20200318,83963601,23940,CELULAR DL YC 230 FLIP DB AMARELO            
20200318,9OEAH101,26635,CELULAR SEMP GO 1E 2G COM BASE PRETO         
20200318,9O4LTR01,26635,CELULAR SEMP GO 1E 2G COM BASE PRETO         
20200318,99I0KJ01,26635,CELULAR SEMP GO 1E 2G COM BASE PRETO         
20200318,27287701,26635,CELULAR SEMP GO 1E 2G COM BASE PRETO         
20200318,80850101,26635,CELULAR SEMP GO 1E 2G COM BASE PRETO         
20200318,80850101,26635,CELULAR SEMP GO 1E 2G COM BASE PRETO         
20200318,27256901,26635,CELULAR SEMP GO 1E 2G COM BASE PRETO         
20200318,9OCT1R01,26635,CELULAR SEMP GO 1E 2G COM BASE PRETO         
20200318,60771801,26635,CELULAR SEMP GO 1E 2G COM BASE PRETO         
20200318,30641901,26635,CELULAR SEMP GO 1E 2G COM BASE PRETO         
20200318,73121501,26635,CELULAR SEMP GO 1E 2G COM BASE PRETO         
20200318,YZ0G1201,26635,CELULAR SEMP GO 1E 2G COM BASE PRETO         
20200317,YZ0F5V01,26635,CELULAR SEMP GO 1E 2G COM BASE PRETO         
20200317,000UHZ01,26635,CELULAR SEMP GO 1E 2G COM BASE PRETO         
20200317,31062101,26635,CELULAR SEMP GO 1E 2G COM BASE PRETO         
20200317,72716401,26635,CELULAR SEMP GO 1E 2G COM BASE PRETO         
20200317,61486201,26635,CELULAR SEMP GO 1E 2G COM BASE PRETO         
20200317,43199001,26635,CELULAR SEMP GO 1E 2G COM BASE PRETO         
20200317,82517101,26635,CELULAR SEMP GO 1E 2G COM BASE PRETO         
20200317,9O9RMW01,26635,CELULAR SEMP GO 1E 2G COM BASE PRETO         
20200317,99C0IF01,26635,CELULAR SEMP GO 1E 2G COM BASE PRETO         
20200317,00552701,26635,CELULAR SEMP GO 1E 2G COM BASE PRETO         
20200317,07029801,26635,CELULAR SEMP GO 1E 2G COM BASE PRETO         
20200317,9OJMGI01,26635,CELULAR SEMP GO 1E 2G COM BASE PRETO         
20200317,9NZW3L01,26635,CELULAR SEMP GO 1E 2G COM BASE PRETO         
20200317,9NZW3L01,26581,SMARTPHONE MOTOROLA MOTO G8 PLAY 32GB PT ONIX
20200317,99LHZZ01,26635,CELULAR SEMP GO 1E 2G COM BASE PRETO         
20200317,9OOLFF01,26635,CELULAR SEMP GO 1E 2G COM BASE PRETO         
20200317,99KTSC01,26635,CELULAR SEMP GO 1E 2G COM BASE PRETO         
20200317,86721501,21255,CELULAR BLU TANK II T193 DB PRETO VERMELHO   
20200317,29299601,26635,CELULAR SEMP GO 1E 2G COM BASE PRETO         
20200317,99DO0801,26635,CELULAR SEMP GO 1E 2G COM BASE PRETO         
20200317,58238001,26635,CELULAR SEMP GO 1E 2G COM BASE PRETO         
20200317,9O3GLO01,26635,CELULAR SEMP GO 1E 2G COM BASE PRETO         
20200317,9NWKFO01,26635,CELULAR SEMP GO 1E 2G COM BASE PRETO         
20200317,34759201,25669,"TELEVISOR SMART 43"" 43LK5750PSA.BWZ LG       "
20200317,14038101,26635,CELULAR SEMP GO 1E 2G COM BASE PRETO         
20200317,81249301,26635,CELULAR SEMP GO 1E 2G COM BASE PRETO         
20200317,37713801,26635,CELULAR SEMP GO 1E 2G COM BASE PRETO         
20200317,63918101,26635,CELULAR SEMP GO 1E 2G COM BASE PRETO         
20200317,37539701,26635,CELULAR SEMP GO 1E 2G COM BASE PRETO         
20200316,73976901,26635,CELULAR SEMP GO 1E 2G COM BASE PRETO         
20200316,73976901,26635,CELULAR SEMP GO 1E 2G COM BASE PRETO         
20200316,82727001,21255,CELULAR BLU TANK II T193 DB PRETO VERMELHO   
20200316,82727001,26635,CELULAR SEMP GO 1E 2G COM BASE PRETO         
20200316,68479701,26635,CELULAR SEMP GO 1E 2G COM BASE PRETO         
20200316,83683701,26527,SMARTPHONE LG K40S LMX430 BMW PRETO          
20200316,9O7ELW01,26635,CELULAR SEMP GO 1E 2G COM BASE PRETO         
20200316,9NYZSB01,26635,CELULAR SEMP GO 1E 2G COM BASE PRETO         
20200316,99DBXF01,26635,CELULAR SEMP GO 1E 2G COM BASE PRETO         
20200316,86721501,26635,CELULAR SEMP GO 1E 2G COM BASE PRETO         
20200316,07127301,26635,CELULAR SEMP GO 1E 2G COM BASE PRETO         
20200316,19411101,26635,CELULAR SEMP GO 1E 2G COM BASE PRETO         
20200316,98723101,26635,CELULAR SEMP GO 1E 2G COM BASE PRETO         
20200316,9OJFHU01,26635,CELULAR SEMP GO 1E 2G COM BASE PRETO         
20200316,46305501,26635,CELULAR SEMP GO 1E 2G COM BASE PRETO         
20200316,33406001,26635,CELULAR SEMP GO 1E 2G COM BASE PRETO         
20200316,85928801,26635,CELULAR SEMP GO 1E 2G COM BASE PRETO         
20200316,13794501,26635,CELULAR SEMP GO 1E 2G COM BASE PRETO         
20200316,9OI6VU01,26635,CELULAR SEMP GO 1E 2G COM BASE PRETO         
20200316,21061101,26635,CELULAR SEMP GO 1E 2G COM BASE PRETO         
20200316,43985401,26635,CELULAR SEMP GO 1E 2G COM BASE PRETO         
20200316,99J5TR01,26635,CELULAR SEMP GO 1E 2G COM BASE PRETO         
20200316,79476201,26635,CELULAR SEMP GO 1E 2G COM BASE PRETO         
20200316,99J5HM01,26635,CELULAR SEMP GO 1E 2G COM BASE PRETO         
20200316,99EFC401,26635,CELULAR SEMP GO 1E 2G COM BASE PRETO         
20200316,43199001,26635,CELULAR SEMP GO 1E 2G COM BASE PRETO         
20200316,79109901,21854,CELULAR BLU JENNY 2.8 T276 DB PRETO-AZUL     
20200316,27035601,26635,CELULAR SEMP GO 1E 2G COM BASE PRETO         
20200316,9O0ZJN01,26635,CELULAR SEMP GO 1E 2G COM BASE PRETO         
20200316,58155501,26635,CELULAR SEMP GO 1E 2G COM BASE PRETO         
20200316,9O3QHP01,26635,CELULAR SEMP GO 1E 2G COM BASE PRETO         
20200316,33956101,26635,CELULAR SEMP GO 1E 2G COM BASE PRETO         
20200316,42400401,26635,CELULAR SEMP GO 1E 2G COM BASE PRETO         
20200316,9OIAH701,26635,CELULAR SEMP GO 1E 2G COM BASE PRETO         
20200316,62049101,26635,CELULAR SEMP GO 1E 2G COM BASE PRETO         
20200316,30333201,26635,CELULAR SEMP GO 1E 2G COM BASE PRETO         
20200316,09717401,26635,CELULAR SEMP GO 1E 2G COM BASE PRETO         
20200316,YZ0EPC01,26635,CELULAR SEMP GO 1E 2G COM BASE PRETO         
20200316,YZ0EPC01,25676,SMARTPHONE MOTOROLA MOTO G7 PLAY XT1952-5 DR 
20200316,YZ0F5701,26635,CELULAR SEMP GO 1E 2G COM BASE PRETO         
20200315,YZ0ELA01,26635,CELULAR SEMP GO 1E 2G COM BASE PRETO         
20200315,79109901,26635,CELULAR SEMP GO 1E 2G COM BASE PRETO         
20200315,9NY4CN01,26635,CELULAR SEMP GO 1E 2G COM BASE PRETO         
20200315,84987101,26635,CELULAR SEMP GO 1E 2G COM BASE PRETO         
20200314,13469401,26635,CELULAR SEMP GO 1E 2G COM BASE PRETO         
20200314,98378501,26635,CELULAR SEMP GO 1E 2G COM BASE PRETO         
20200314,68938401,26635,CELULAR SEMP GO 1E 2G COM BASE PRETO         
20200314,79297401,26635,CELULAR SEMP GO 1E 2G COM BASE PRETO         
20200314,68103301,26635,CELULAR SEMP GO 1E 2G COM BASE PRETO         
20200314,16168601,26635,CELULAR SEMP GO 1E 2G COM BASE PRETO         
20200314,99I22R01,26635,CELULAR SEMP GO 1E 2G COM BASE PRETO         
20200314,99I22R01,21855,CELULAR BLU JENNY 2.8 T276 DB PRETO-VERMEL   
20200314,99H1LK01,26635,CELULAR SEMP GO 1E 2G COM BASE PRETO         
20200314,90799001,26635,CELULAR SEMP GO 1E 2G COM BASE PRETO         
20200314,80723301,26635,CELULAR SEMP GO 1E 2G COM BASE PRETO         
20200314,08137501,26635,CELULAR SEMP GO 1E 2G COM BASE PRETO         
20200314,9OK90701,26635,CELULAR SEMP GO 1E 2G COM BASE PRETO         
20200314,9O4O2L01,26635,CELULAR SEMP GO 1E 2G COM BASE PRETO         
20200314,91098501,26635,CELULAR SEMP GO 1E 2G COM BASE PRETO         
20200314,14147601,26635,CELULAR SEMP GO 1E 2G COM BASE PRETO         
20200314,75635101,26635,CELULAR SEMP GO 1E 2G COM BASE PRETO         
20200314,07306101,26635,CELULAR SEMP GO 1E 2G COM BASE PRETO         
20200314,99G1DD01,26635,CELULAR SEMP GO 1E 2G COM BASE PRETO         
20200314,99GOG601,26635,CELULAR SEMP GO 1E 2G COM BASE PRETO         
20200314,99GOG601,26582,SMARTPHONE MOTOROLA MOTO G8 PLAY 32GB VERM   
20200314,71889401,26635,CELULAR SEMP GO 1E 2G COM BASE PRETO         
20200314,98222801,25933,TABLET NB304 M7 3G PLUS QUAD CORE PRETO      
20200314,98222801,26635,CELULAR SEMP GO 1E 2G COM BASE PRETO         
20200314,98222801,26100,TABLET NB736 MINI MS50G PRETO                
20200314,99L40C01,26635,CELULAR SEMP GO 1E 2G COM BASE PRETO         
20200314,99I2W101,26635,CELULAR SEMP GO 1E 2G COM BASE PRETO         
20200314,80563501,26635,CELULAR SEMP GO 1E 2G COM BASE PRETO         
20200314,9NZ8DN01,26635,CELULAR SEMP GO 1E 2G COM BASE PRETO         
20200314,48619001,26635,CELULAR SEMP GO 1E 2G COM BASE PRETO         
20200314,9OAWRB01,26635,CELULAR SEMP GO 1E 2G COM BASE PRETO         
20200314,62160201,26635,CELULAR SEMP GO 1E 2G COM BASE PRETO         
20200314,99F9DL01,26635,CELULAR SEMP GO 1E 2G COM BASE PRETO         
20200314,07000901,26635,CELULAR SEMP GO 1E 2G COM BASE PRETO         
20200314,YZ0E5F01,26635,CELULAR SEMP GO 1E 2G COM BASE PRETO         
20200314,YZ0EHC01,26635,CELULAR SEMP GO 1E 2G COM BASE PRETO         
20200314,YZ0EE401,26635,CELULAR SEMP GO 1E 2G COM BASE PRETO         
20200313,92108901,26635,CELULAR SEMP GO 1E 2G COM BASE PRETO         
20200313,78294801,26635,CELULAR SEMP GO 1E 2G COM BASE PRETO         
20200313,81208201,26635,CELULAR SEMP GO 1E 2G COM BASE PRETO         
20200313,9NWKCV01,26635,CELULAR SEMP GO 1E 2G COM BASE PRETO         
20200313,9NYMER01,26635,CELULAR SEMP GO 1E 2G COM BASE PRETO         
20200313,9OBT4V01,21256,CELULAR BLU TANK II T193 DB PRETO AZUL       
20200313,9OBT4V01,26635,CELULAR SEMP GO 1E 2G COM BASE PRETO         
20200313,9OBT4V01,25669,"TELEVISOR SMART 43"" 43LK5750PSA.BWZ LG       "
20200313,84168201,26635,CELULAR SEMP GO 1E 2G COM BASE PRETO         
20200313,59984601,26635,CELULAR SEMP GO 1E 2G COM BASE PRETO         
20200313,9OHB5901,26635,CELULAR SEMP GO 1E 2G COM BASE PRETO         
20200313,9OHN6E01,26635,CELULAR SEMP GO 1E 2G COM BASE PRETO         
20200313,9OHN6E01,26635,CELULAR SEMP GO 1E 2G COM BASE PRETO         
20200313,20296901,26635,CELULAR SEMP GO 1E 2G COM BASE PRETO         
20200313,25356001,26635,CELULAR SEMP GO 1E 2G COM BASE PRETO         
20200313,25356001,26635,CELULAR SEMP GO 1E 2G COM BASE PRETO         
20200313,99FTEI01,26635,CELULAR SEMP GO 1E 2G COM BASE PRETO         
20200313,85906101,26635,CELULAR SEMP GO 1E 2G COM BASE PRETO         
20200313,85906101,24913,SMARTPHONE MOTOROLA MOTO G6 PLAY XT1922 DB IN
20200313,85938301,26635,CELULAR SEMP GO 1E 2G COM BASE PRETO         
20200313,80309101,26635,CELULAR SEMP GO 1E 2G COM BASE PRETO         
20200313,32107601,26635,CELULAR SEMP GO 1E 2G COM BASE PRETO         
20200313,9O3G6J01,26635,CELULAR SEMP GO 1E 2G COM BASE PRETO         
20200313,9OEHX001,26635,CELULAR SEMP GO 1E 2G COM BASE PRETO         
20200313,9O56L101,26635,CELULAR SEMP GO 1E 2G COM BASE PRETO         
20200313,95939801,26635,CELULAR SEMP GO 1E 2G COM BASE PRETO         
20200313,27141701,26635,CELULAR SEMP GO 1E 2G COM BASE PRETO         
20200313,9O08JM01,26635,CELULAR SEMP GO 1E 2G COM BASE PRETO         
20200313,99518601,26635,CELULAR SEMP GO 1E 2G COM BASE PRETO         
20200313,49532101,26635,CELULAR SEMP GO 1E 2G COM BASE PRETO         
20200313,99FKE001,26635,CELULAR SEMP GO 1E 2G COM BASE PRETO         
20200313,20157301,26635,CELULAR SEMP GO 1E 2G COM BASE PRETO         
20200313,99ECDS01,26635,CELULAR SEMP GO 1E 2G COM BASE PRETO         
20200313,19953701,26635,CELULAR SEMP GO 1E 2G COM BASE PRETO         
20200313,09025201,26635,CELULAR SEMP GO 1E 2G COM BASE PRETO         
20200313,YZ0DDZ01,26635,CELULAR SEMP GO 1E 2G COM BASE PRETO         
20200312,27246201,26635,CELULAR SEMP GO 1E 2G COM BASE PRETO         
20200312,83683701,26635,CELULAR SEMP GO 1E 2G COM BASE PRETO         
20200312,99FEU101,26635,CELULAR SEMP GO 1E 2G COM BASE PRETO         
20200312,27091901,26582,SMARTPHONE MOTOROLA MOTO G8 PLAY 32GB VERM   
20200312,27091901,26635,CELULAR SEMP GO 1E 2G COM BASE PRETO         
20200312,27369401,26635,CELULAR SEMP GO 1E 2G COM BASE PRETO         
20200312,9O2WB301,26635,CELULAR SEMP GO 1E 2G COM BASE PRETO         
20200312,71093601,26635,CELULAR SEMP GO 1E 2G COM BASE PRETO         
20200312,03822201,26635,CELULAR SEMP GO 1E 2G COM BASE PRETO         
20200312,9OA7F501,26635,CELULAR SEMP GO 1E 2G COM BASE PRETO         
20200312,99BIBD01,26635,CELULAR SEMP GO 1E 2G COM BASE PRETO         
20200312,38160201,26635,CELULAR SEMP GO 1E 2G COM BASE PRETO         
20200312,74473301,26635,CELULAR SEMP GO 1E 2G COM BASE PRETO         
20200312,41801201,26635,CELULAR SEMP GO 1E 2G COM BASE PRETO         
20200312,66324201,26635,CELULAR SEMP GO 1E 2G COM BASE PRETO         
20200312,00008101,26635,CELULAR SEMP GO 1E 2G COM BASE PRETO         
20200312,00008101,26635,CELULAR SEMP GO 1E 2G COM BASE PRETO         
20200312,9NXH1J01,26635,CELULAR SEMP GO 1E 2G COM BASE PRETO         
20200312,59446201,26635,CELULAR SEMP GO 1E 2G COM BASE PRETO         
20200312,9O8O3P01,26635,CELULAR SEMP GO 1E 2G COM BASE PRETO         
20200312,99KRYM01,26635,CELULAR SEMP GO 1E 2G COM BASE PRETO         
20200312,60669001,26635,CELULAR SEMP GO 1E 2G COM BASE PRETO         
20200312,9OP4G301,26635,CELULAR SEMP GO 1E 2G COM BASE PRETO         
20200312,9OHV2U01,26635,CELULAR SEMP GO 1E 2G COM BASE PRETO         
20200312,99QEVN01,26635,CELULAR SEMP GO 1E 2G COM BASE PRETO         
20200312,99QEVN01,26635,CELULAR SEMP GO 1E 2G COM BASE PRETO         
20200312,99EY3201,26635,CELULAR SEMP GO 1E 2G COM BASE PRETO         
20200312,99J0YK01,26635,CELULAR SEMP GO 1E 2G COM BASE PRETO         
20200312,38053801,26635,CELULAR SEMP GO 1E 2G COM BASE PRETO         
20200312,97984301,26635,CELULAR SEMP GO 1E 2G COM BASE PRETO         
20200312,YZ0CY001,26635,CELULAR SEMP GO 1E 2G COM BASE PRETO         
20200311,99G80X01,26635,CELULAR SEMP GO 1E 2G COM BASE PRETO         
20200311,39411001,26635,CELULAR SEMP GO 1E 2G COM BASE PRETO         
20200311,12650001,26635,CELULAR SEMP GO 1E 2G COM BASE PRETO         
20200311,9O8RQZ01,26635,CELULAR SEMP GO 1E 2G COM BASE PRETO         
20200311,99IVE101,26635,CELULAR SEMP GO 1E 2G COM BASE PRETO         
20200311,9OOOPC01,26635,CELULAR SEMP GO 1E 2G COM BASE PRETO         
20200311,99MA9201,26635,CELULAR SEMP GO 1E 2G COM BASE PRETO         
20200311,12772201,26635,CELULAR SEMP GO 1E 2G COM BASE PRETO         
20200311,37754201,26635,CELULAR SEMP GO 1E 2G COM BASE PRETO         
20200311,99MIEO01,26635,CELULAR SEMP GO 1E 2G COM BASE PRETO         
20200311,9NYANT01,26635,CELULAR SEMP GO 1E 2G COM BASE PRETO         
20200311,17743401,26635,CELULAR SEMP GO 1E 2G COM BASE PRETO         
20200311,63432501,26635,CELULAR SEMP GO 1E 2G COM BASE PRETO         
20200311,17748101,26635,CELULAR SEMP GO 1E 2G COM BASE PRETO         
20200311,69723901,26635,CELULAR SEMP GO 1E 2G COM BASE PRETO         
20200311,72080901,26635,CELULAR SEMP GO 1E 2G COM BASE PRETO         
20200311,9O6PFF01,26635,CELULAR SEMP GO 1E 2G COM BASE PRETO         
20200311,99JRW201,26635,CELULAR SEMP GO 1E 2G COM BASE PRETO         
20200311,YZ0C2H01,26635,CELULAR SEMP GO 1E 2G COM BASE PRETO         
20200311,YZ0CKM01,26635,CELULAR SEMP GO 1E 2G COM BASE PRETO         
20200310,YZ0BND01,26635,CELULAR SEMP GO 1E 2G COM BASE PRETO         
20200310,YZ0BK301,26635,CELULAR SEMP GO 1E 2G COM BASE PRETO         
20200310,YZ0BWZ01,26635,CELULAR SEMP GO 1E 2G COM BASE PRETO         
20200310,YZ0BI501,26635,CELULAR SEMP GO 1E 2G COM BASE PRETO         
20200310,12826201,26635,CELULAR SEMP GO 1E 2G COM BASE PRETO         
20200310,41050801,26635,CELULAR SEMP GO 1E 2G COM BASE PRETO         
20200310,41050801,21255,CELULAR BLU TANK II T193 DB PRETO VERMELHO   
20200310,62606101,26635,CELULAR SEMP GO 1E 2G COM BASE PRETO         
20200310,03174201,26635,CELULAR SEMP GO 1E 2G COM BASE PRETO         
20200310,11718701,26635,CELULAR SEMP GO 1E 2G COM BASE PRETO         
20200310,99IPQ001,26635,CELULAR SEMP GO 1E 2G COM BASE PRETO         
20200310,99H1Z101,26635,CELULAR SEMP GO 1E 2G COM BASE PRETO         
20200310,13866401,26635,CELULAR SEMP GO 1E 2G COM BASE PRETO         
20200310,89938801,26635,CELULAR SEMP GO 1E 2G COM BASE PRETO         
20200310,99IYJG01,26635,CELULAR SEMP GO 1E 2G COM BASE PRETO         
20200310,69897301,19526,RADIO RECEPTOR 2 FXS RM PF25 PT              
20200310,69897301,26635,CELULAR SEMP GO 1E 2G COM BASE PRETO         
20200310,60199201,26635,CELULAR SEMP GO 1E 2G COM BASE PRETO         
20200310,99L1ZK01,26635,CELULAR SEMP GO 1E 2G COM BASE PRETO         
20200310,99BKBS01,26635,CELULAR SEMP GO 1E 2G COM BASE PRETO         
20200310,81129201,26635,CELULAR SEMP GO 1E 2G COM BASE PRETO         
20200310,81129201,21855,CELULAR BLU JENNY 2.8 T276 DB PRETO-VERMEL   
20200310,78143701,26635,CELULAR SEMP GO 1E 2G COM BASE PRETO         
20200310,99FZDV01,26635,CELULAR SEMP GO 1E 2G COM BASE PRETO         
20200310,99FZDV01,26635,CELULAR SEMP GO 1E 2G COM BASE PRETO         
20200310,49852801,26635,CELULAR SEMP GO 1E 2G COM BASE PRETO         
20200310,77165601,26635,CELULAR SEMP GO 1E 2G COM BASE PRETO         
20200310,77673701,26635,CELULAR SEMP GO 1E 2G COM BASE PRETO         
20200310,99H7OI01,26528,SMARTPHONE LG K40S LMX430 BMW AZUL           
20200310,9OJLJG01,26635,CELULAR SEMP GO 1E 2G COM BASE PRETO         
20200310,99G4Q401,26635,CELULAR SEMP GO 1E 2G COM BASE PRETO         
20200310,99KTVM01,26635,CELULAR SEMP GO 1E 2G COM BASE PRETO         
20200310,80033701,26635,CELULAR SEMP GO 1E 2G COM BASE PRETO         
20200310,99DVV701,26635,CELULAR SEMP GO 1E 2G COM BASE PRETO         
20200310,04691901,26635,CELULAR SEMP GO 1E 2G COM BASE PRETO         
20200310,99H2QO01,26635,CELULAR SEMP GO 1E 2G COM BASE PRETO         
20200310,75216701,26635,CELULAR SEMP GO 1E 2G COM BASE PRETO         
20200310,14137201,26635,CELULAR SEMP GO 1E 2G COM BASE PRETO         
20200309,00853801,26635,CELULAR SEMP GO 1E 2G COM BASE PRETO         
20200309,57838801,26635,CELULAR SEMP GO 1E 2G COM BASE PRETO         
20200309,34759201,26635,CELULAR SEMP GO 1E 2G COM BASE PRETO         
20200309,62895401,26635,CELULAR SEMP GO 1E 2G COM BASE PRETO         
20200309,75325101,21255,CELULAR BLU TANK II T193 DB PRETO VERMELHO   
20200309,81989501,26635,CELULAR SEMP GO 1E 2G COM BASE PRETO         
20200309,82621701,26635,CELULAR SEMP GO 1E 2G COM BASE PRETO         
20200309,9O0EZB01,26635,CELULAR SEMP GO 1E 2G COM BASE PRETO         
20200309,9O2UE401,26635,CELULAR SEMP GO 1E 2G COM BASE PRETO         
20200309,26508201,21854,CELULAR BLU JENNY 2.8 T276 DB PRETO-AZUL     
20200309,12677701,26635,CELULAR SEMP GO 1E 2G COM BASE PRETO         
20200309,9NZX3O01,26635,CELULAR SEMP GO 1E 2G COM BASE PRETO         
20200309,38954901,26635,CELULAR SEMP GO 1E 2G COM BASE PRETO         
20200309,27410701,26635,CELULAR SEMP GO 1E 2G COM BASE PRETO         
20200309,84949601,26635,CELULAR SEMP GO 1E 2G COM BASE PRETO         
20200309,90292101,26635,CELULAR SEMP GO 1E 2G COM BASE PRETO         
20200309,49823301,26635,CELULAR SEMP GO 1E 2G COM BASE PRETO         
20200309,07333701,26635,CELULAR SEMP GO 1E 2G COM BASE PRETO         
20200309,99FY3H01,26635,CELULAR SEMP GO 1E 2G COM BASE PRETO         
20200309,9OPFJG01,26635,CELULAR SEMP GO 1E 2G COM BASE PRETO         
20200309,9OM91S01,26635,CELULAR SEMP GO 1E 2G COM BASE PRETO         
20200309,58118201,26635,CELULAR SEMP GO 1E 2G COM BASE PRETO         
20200309,58361501,26635,CELULAR SEMP GO 1E 2G COM BASE PRETO         
20200309,55225901,26635,CELULAR SEMP GO 1E 2G COM BASE PRETO         
20200309,63286501,26635,CELULAR SEMP GO 1E 2G COM BASE PRETO         
20200309,99HTVC01,26635,CELULAR SEMP GO 1E 2G COM BASE PRETO         
20200309,9ORB6201,26635,CELULAR SEMP GO 1E 2G COM BASE PRETO         
20200309,99GD4B01,26635,CELULAR SEMP GO 1E 2G COM BASE PRETO         
20200309,69100601,26635,CELULAR SEMP GO 1E 2G COM BASE PRETO         
20200309,9OJK0B01,26635,CELULAR SEMP GO 1E 2G COM BASE PRETO         
20200309,YZ0AJD01,26635,CELULAR SEMP GO 1E 2G COM BASE PRETO         
20200309,YZ0ANF01,26635,CELULAR SEMP GO 1E 2G COM BASE PRETO         
20200308,99MQ4801,26635,CELULAR SEMP GO 1E 2G COM BASE PRETO         
20200308,54583401,26635,CELULAR SEMP GO 1E 2G COM BASE PRETO         
20200308,68648601,26635,CELULAR SEMP GO 1E 2G COM BASE PRETO         
20200307,99DKBX01,26635,CELULAR SEMP GO 1E 2G COM BASE PRETO         
20200307,62125801,26635,CELULAR SEMP GO 1E 2G COM BASE PRETO         
20200307,10222001,26635,CELULAR SEMP GO 1E 2G COM BASE PRETO         
20200307,64240001,26635,CELULAR SEMP GO 1E 2G COM BASE PRETO         
20200307,73110801,26635,CELULAR SEMP GO 1E 2G COM BASE PRETO         
20200307,18884501,26635,CELULAR SEMP GO 1E 2G COM BASE PRETO         
20200307,18884501,26635,CELULAR SEMP GO 1E 2G COM BASE PRETO         
20200307,88600101,26635,CELULAR SEMP GO 1E 2G COM BASE PRETO         
20200307,99LZEZ01,26635,CELULAR SEMP GO 1E 2G COM BASE PRETO         
20200307,77989801,26635,CELULAR SEMP GO 1E 2G COM BASE PRETO         
20200307,13893101,26635,CELULAR SEMP GO 1E 2G COM BASE PRETO         
20200307,99FC4Y01,26635,CELULAR SEMP GO 1E 2G COM BASE PRETO         
20200307,79851601,26635,CELULAR SEMP GO 1E 2G COM BASE PRETO         
20200307,99IG4901,26635,CELULAR SEMP GO 1E 2G COM BASE PRETO         
20200307,06998101,26635,CELULAR SEMP GO 1E 2G COM BASE PRETO         
20200307,31161901,26635,CELULAR SEMP GO 1E 2G COM BASE PRETO         
20200307,20290401,26635,CELULAR SEMP GO 1E 2G COM BASE PRETO         
20200307,9NZ3CD01,26635,CELULAR SEMP GO 1E 2G COM BASE PRETO         
20200307,99LKYL01,26635,CELULAR SEMP GO 1E 2G COM BASE PRETO         
20200307,78497901,26635,CELULAR SEMP GO 1E 2G COM BASE PRETO         
20200307,9O25X501,26635,CELULAR SEMP GO 1E 2G COM BASE PRETO         
20200307,23013001,26635,CELULAR SEMP GO 1E 2G COM BASE PRETO         
20200307,9NXDL001,26635,CELULAR SEMP GO 1E 2G COM BASE PRETO         
20200307,99D9CP01,26635,CELULAR SEMP GO 1E 2G COM BASE PRETO         
20200307,49445601,26635,CELULAR SEMP GO 1E 2G COM BASE PRETO         
20200307,68437501,26635,CELULAR SEMP GO 1E 2G COM BASE PRETO         
20200307,9ODT1J01,26635,CELULAR SEMP GO 1E 2G COM BASE PRETO         
20200307,99KK0301,26635,CELULAR SEMP GO 1E 2G COM BASE PRETO         
20200307,87723101,26635,CELULAR SEMP GO 1E 2G COM BASE PRETO         
20200307,87723101,26635,CELULAR SEMP GO 1E 2G COM BASE PRETO         
20200307,YZ0AD201,26635,CELULAR SEMP GO 1E 2G COM BASE PRETO         
20200307,YYZG1M01,26635,CELULAR SEMP GO 1E 2G COM BASE PRETO         
20200307,YZ0AEY01,26635,CELULAR SEMP GO 1E 2G COM BASE PRETO         
20200306,99FPXN01,26635,CELULAR SEMP GO 1E 2G COM BASE PRETO         
20200306,57824001,26635,CELULAR SEMP GO 1E 2G COM BASE PRETO         
20200306,15576301,26635,CELULAR SEMP GO 1E 2G COM BASE PRETO         
20200306,99GCFO01,26635,CELULAR SEMP GO 1E 2G COM BASE PRETO         
20200306,99K6GZ01,26635,CELULAR SEMP GO 1E 2G COM BASE PRETO         
20200306,75813401,26635,CELULAR SEMP GO 1E 2G COM BASE PRETO         
20200306,58092101,26635,CELULAR SEMP GO 1E 2G COM BASE PRETO         
20200306,90036401,26635,CELULAR SEMP GO 1E 2G COM BASE PRETO         
20200306,99GKU001,26635,CELULAR SEMP GO 1E 2G COM BASE PRETO         
20200306,9OAK5N01,26635,CELULAR SEMP GO 1E 2G COM BASE PRETO         
20200306,75325101,26635,CELULAR SEMP GO 1E 2G COM BASE PRETO         
20200306,21262301,26635,CELULAR SEMP GO 1E 2G COM BASE PRETO         
20200306,21084601,19524,RADIO RECEPTOR 7 FXS RM PFT73AC              
20200306,21084601,26635,CELULAR SEMP GO 1E 2G COM BASE PRETO         
20200306,29168201,26635,CELULAR SEMP GO 1E 2G COM BASE PRETO         
20200306,9O60S401,26635,CELULAR SEMP GO 1E 2G COM BASE PRETO         
20200306,9O7AWQ01,26635,CELULAR SEMP GO 1E 2G COM BASE PRETO         
20200306,99KDDR01,26635,CELULAR SEMP GO 1E 2G COM BASE PRETO         
20200306,69649401,26635,CELULAR SEMP GO 1E 2G COM BASE PRETO         
20200306,61796901,26635,CELULAR SEMP GO 1E 2G COM BASE PRETO         
20200306,17149501,26635,CELULAR SEMP GO 1E 2G COM BASE PRETO         
20200306,9OLOL101,26635,CELULAR SEMP GO 1E 2G COM BASE PRETO         
20200306,99N6W101,26635,CELULAR SEMP GO 1E 2G COM BASE PRETO         
20200306,99H7OI01,26635,CELULAR SEMP GO 1E 2G COM BASE PRETO         
20200306,26508201,26635,CELULAR SEMP GO 1E 2G COM BASE PRETO         
20200306,14008001,26635,CELULAR SEMP GO 1E 2G COM BASE PRETO         
20200306,25426401,26635,CELULAR SEMP GO 1E 2G COM BASE PRETO         
20200306,38455901,26635,CELULAR SEMP GO 1E 2G COM BASE PRETO         
20200306,44033801,26635,CELULAR SEMP GO 1E 2G COM BASE PRETO         
20200306,89689001,26635,CELULAR SEMP GO 1E 2G COM BASE PRETO         
20200306,66050401,26635,CELULAR SEMP GO 1E 2G COM BASE PRETO         
20200306,19877501,26635,CELULAR SEMP GO 1E 2G COM BASE PRETO         
20200306,99H45B01,26635,CELULAR SEMP GO 1E 2G COM BASE PRETO         
20200306,27056401,26635,CELULAR SEMP GO 1E 2G COM BASE PRETO         
20200306,49823301,26635,CELULAR SEMP GO 1E 2G COM BASE PRETO         
20200306,9O0E6C01,26635,CELULAR SEMP GO 1E 2G COM BASE PRETO         
20200306,9NZBK401,26635,CELULAR SEMP GO 1E 2G COM BASE PRETO         
20200306,9NXDNO01,26635,CELULAR SEMP GO 1E 2G COM BASE PRETO         
20200306,9OHUI001,26635,CELULAR SEMP GO 1E 2G COM BASE PRETO         
20200306,88621501,26635,CELULAR SEMP GO 1E 2G COM BASE PRETO         
20200306,48855701,21255,CELULAR BLU TANK II T193 DB PRETO VERMELHO   
20200306,99LSMW01,26635,CELULAR SEMP GO 1E 2G COM BASE PRETO         
20200306,71870801,26635,CELULAR SEMP GO 1E 2G COM BASE PRETO         
20200306,75565701,26635,CELULAR SEMP GO 1E 2G COM BASE PRETO         
20200306,99JKKH01,26635,CELULAR SEMP GO 1E 2G COM BASE PRETO         
20200306,55584601,26635,CELULAR SEMP GO 1E 2G COM BASE PRETO         
20200306,YZ09HJ01,26635,CELULAR SEMP GO 1E 2G COM BASE PRETO         
20200306,48373301,26635,CELULAR SEMP GO 1E 2G COM BASE PRETO         
20200306,68012301,26635,CELULAR SEMP GO 1E 2G COM BASE PRETO         
20200306,9O1TDY01,26635,CELULAR SEMP GO 1E 2G COM BASE PRETO         
20200306,9ODEF201,26635,CELULAR SEMP GO 1E 2G COM BASE PRETO         
20200306,YZ09H301,26635,CELULAR SEMP GO 1E 2G COM BASE PRETO         
20200306,YZ090C01,26635,CELULAR SEMP GO 1E 2G COM BASE PRETO         
20200306,YZ08Y601,26635,CELULAR SEMP GO 1E 2G COM BASE PRETO         
20200305,YZ08K801,26635,CELULAR SEMP GO 1E 2G COM BASE PRETO         
20200305,000Q0K01,26635,CELULAR SEMP GO 1E 2G COM BASE PRETO         
20200305,000WGX01,26635,CELULAR SEMP GO 1E 2G COM BASE PRETO         
20200305,99LAXC01,26635,CELULAR SEMP GO 1E 2G COM BASE PRETO         
20200305,99MQGC01,26635,CELULAR SEMP GO 1E 2G COM BASE PRETO         
20200305,99DVQU01,26635,CELULAR SEMP GO 1E 2G COM BASE PRETO         
20200305,9OBSG101,26635,CELULAR SEMP GO 1E 2G COM BASE PRETO         
20200305,48855701,26635,CELULAR SEMP GO 1E 2G COM BASE PRETO         
20200305,68531401,26635,CELULAR SEMP GO 1E 2G COM BASE PRETO         
20200305,21078901,26635,CELULAR SEMP GO 1E 2G COM BASE PRETO         
20200305,9O9Z9A01,26635,CELULAR SEMP GO 1E 2G COM BASE PRETO         
20200305,67465801,21255,CELULAR BLU TANK II T193 DB PRETO VERMELHO   
20200305,45372701,26635,CELULAR SEMP GO 1E 2G COM BASE PRETO         
20200305,84267701,26635,CELULAR SEMP GO 1E 2G COM BASE PRETO         
20200305,99739601,26635,CELULAR SEMP GO 1E 2G COM BASE PRETO         
20200305,9OQNZG01,26635,CELULAR SEMP GO 1E 2G COM BASE PRETO         
20200305,9OP2TZ01,26635,CELULAR SEMP GO 1E 2G COM BASE PRETO         
20200305,20449701,26635,CELULAR SEMP GO 1E 2G COM BASE PRETO         
20200305,9OINA001,26635,CELULAR SEMP GO 1E 2G COM BASE PRETO         
20200305,76773001,26635,CELULAR SEMP GO 1E 2G COM BASE PRETO         
20200305,18076501,26635,CELULAR SEMP GO 1E 2G COM BASE PRETO         
20200305,56583101,26635,CELULAR SEMP GO 1E 2G COM BASE PRETO         
20200305,99F2ZY01,26635,CELULAR SEMP GO 1E 2G COM BASE PRETO         
20200305,9ONET801,26635,CELULAR SEMP GO 1E 2G COM BASE PRETO         
20200305,99IENY01,26635,CELULAR SEMP GO 1E 2G COM BASE PRETO         
20200305,57720001,26635,CELULAR SEMP GO 1E 2G COM BASE PRETO         
20200305,07752801,26635,CELULAR SEMP GO 1E 2G COM BASE PRETO         
20200305,9OMZRZ01,26635,CELULAR SEMP GO 1E 2G COM BASE PRETO         
20200305,55073801,26635,CELULAR SEMP GO 1E 2G COM BASE PRETO         
20200305,99GHNO01,26635,CELULAR SEMP GO 1E 2G COM BASE PRETO         
20200304,54551601,26635,CELULAR SEMP GO 1E 2G COM BASE PRETO         
20200304,72900501,23432,MINI SYSTEM PH470BT  PHILCO                  
20200304,9O7MSP01,26635,CELULAR SEMP GO 1E 2G COM BASE PRETO         
20200304,9O7KLS01,26635,CELULAR SEMP GO 1E 2G COM BASE PRETO         
20200304,79352601,26635,CELULAR SEMP GO 1E 2G COM BASE PRETO         
20200304,62709801,26635,CELULAR SEMP GO 1E 2G COM BASE PRETO         
20200304,30273901,26635,CELULAR SEMP GO 1E 2G COM BASE PRETO         
20200304,9OOUFE01,26635,CELULAR SEMP GO 1E 2G COM BASE PRETO         
20200304,99DU5R01,26635,CELULAR SEMP GO 1E 2G COM BASE PRETO         
20200304,9OPMFA01,26635,CELULAR SEMP GO 1E 2G COM BASE PRETO         
20200304,99IAFS01,26635,CELULAR SEMP GO 1E 2G COM BASE PRETO         
20200304,82244401,21647,DVD D-15 KARAOKE MONDIAL                     
20200304,66149101,26635,CELULAR SEMP GO 1E 2G COM BASE PRETO         
20200304,17219201,26635,CELULAR SEMP GO 1E 2G COM BASE PRETO         
20200304,9O62HJ01,26635,CELULAR SEMP GO 1E 2G COM BASE PRETO         
20200304,9O27RV01,26635,CELULAR SEMP GO 1E 2G COM BASE PRETO         
20200304,9NYIRK01,26635,CELULAR SEMP GO 1E 2G COM BASE PRETO         
20200304,71101201,26635,CELULAR SEMP GO 1E 2G COM BASE PRETO         
20200304,83034701,26635,CELULAR SEMP GO 1E 2G COM BASE PRETO         
20200304,96746501,26635,CELULAR SEMP GO 1E 2G COM BASE PRETO         
20200304,63210501,26635,CELULAR SEMP GO 1E 2G COM BASE PRETO         
20200304,9OBXOS01,26635,CELULAR SEMP GO 1E 2G COM BASE PRETO         
20200304,YZ07K801,26635,CELULAR SEMP GO 1E 2G COM BASE PRETO         
20200304,YZ07PM01,26635,CELULAR SEMP GO 1E 2G COM BASE PRETO         
20200303,74518701,26635,CELULAR SEMP GO 1E 2G COM BASE PRETO         
20200303,81732701,26635,CELULAR SEMP GO 1E 2G COM BASE PRETO         
20200303,12882201,26635,CELULAR SEMP GO 1E 2G COM BASE PRETO         
20200303,69885001,26635,CELULAR SEMP GO 1E 2G COM BASE PRETO         
20200303,9NZEAL01,26635,CELULAR SEMP GO 1E 2G COM BASE PRETO         
20200303,9NZ2JI01,26635,CELULAR SEMP GO 1E 2G COM BASE PRETO         
20200303,9O5IP801,26635,CELULAR SEMP GO 1E 2G COM BASE PRETO         
20200303,99CE5101,21854,CELULAR BLU JENNY 2.8 T276 DB PRETO-AZUL     
20200303,97165701,26635,CELULAR SEMP GO 1E 2G COM BASE PRETO         
20200303,99FKSL01,26635,CELULAR SEMP GO 1E 2G COM BASE PRETO         
20200303,83963601,26635,CELULAR SEMP GO 1E 2G COM BASE PRETO         
20200303,99HCUJ01,26635,CELULAR SEMP GO 1E 2G COM BASE PRETO         
20200303,96335601,26635,CELULAR SEMP GO 1E 2G COM BASE PRETO         
20200303,YZ07CV01,26635,CELULAR SEMP GO 1E 2G COM BASE PRETO         
20200303,YYZAFS01,26635,CELULAR SEMP GO 1E 2G COM BASE PRETO         
20200302,72900501,26635,CELULAR SEMP GO 1E 2G COM BASE PRETO         
20200302,15788301,26635,CELULAR SEMP GO 1E 2G COM BASE PRETO         
20200302,63353801,26635,CELULAR SEMP GO 1E 2G COM BASE PRETO         
20200302,67798901,26635,CELULAR SEMP GO 1E 2G COM BASE PRETO         
20200302,68822401,26635,CELULAR SEMP GO 1E 2G COM BASE PRETO         
20200302,99MA3V01,26635,CELULAR SEMP GO 1E 2G COM BASE PRETO         
20200302,87352601,26635,CELULAR SEMP GO 1E 2G COM BASE PRETO         
20200302,42280201,26635,CELULAR SEMP GO 1E 2G COM BASE PRETO         
20200302,9O5MBF01,26635,CELULAR SEMP GO 1E 2G COM BASE PRETO         
20200302,12510301,26635,CELULAR SEMP GO 1E 2G COM BASE PRETO         
20200302,9O0C0O01,26635,CELULAR SEMP GO 1E 2G COM BASE PRETO         
20200302,9OBYNL01,26635,CELULAR SEMP GO 1E 2G COM BASE PRETO         
20200302,16193601,26635,CELULAR SEMP GO 1E 2G COM BASE PRETO         
20200302,9O9XN401,26635,CELULAR SEMP GO 1E 2G COM BASE PRETO         
20200302,9O1E9O01,26635,CELULAR SEMP GO 1E 2G COM BASE PRETO         
20200302,9O50V901,26635,CELULAR SEMP GO 1E 2G COM BASE PRETO         
20200302,9OPANV01,26635,CELULAR SEMP GO 1E 2G COM BASE PRETO         
20200302,19361001,26635,CELULAR SEMP GO 1E 2G COM BASE PRETO         
20200302,99HGHK01,26635,CELULAR SEMP GO 1E 2G COM BASE PRETO         
20200302,9OPANV01,25250,SMARTPHONE SAMSUNG GAL J6 64GB DB VIOLETA    
20200302,89288801,25995,"TELEVISOR 24"" S1300 L1850 HD LED SEMP TCL    "
20200302,40875201,26635,CELULAR SEMP GO 1E 2G COM BASE PRETO         
20200302,99CE5101,26635,CELULAR SEMP GO 1E 2G COM BASE PRETO         
20200302,67465801,26635,CELULAR SEMP GO 1E 2G COM BASE PRETO         
20200302,99FV8J01,26635,CELULAR SEMP GO 1E 2G COM BASE PRETO         
20200302,9NYAK001,26635,CELULAR SEMP GO 1E 2G COM BASE PRETO         
20200302,99CRJ201,26635,CELULAR SEMP GO 1E 2G COM BASE PRETO         
20200302,9OBHWN01,26635,CELULAR SEMP GO 1E 2G COM BASE PRETO         
20200302,9O2AT001,26635,CELULAR SEMP GO 1E 2G COM BASE PRETO         
20200302,99BH6901,21255,CELULAR BLU TANK II T193 DB PRETO VERMELHO   
20200302,9OK1VA01,26635,CELULAR SEMP GO 1E 2G COM BASE PRETO         
20200302,9OF6WU01,26635,CELULAR SEMP GO 1E 2G COM BASE PRETO         
20200302,84786901,26635,CELULAR SEMP GO 1E 2G COM BASE PRETO         
20200302,000VSS01,26635,CELULAR SEMP GO 1E 2G COM BASE PRETO         
20200301,88215201,26635,CELULAR SEMP GO 1E 2G COM BASE PRETO         
20200301,63673001,26635,CELULAR SEMP GO 1E 2G COM BASE PRETO         
20200301,9O0XVN01,26635,CELULAR SEMP GO 1E 2G COM BASE PRETO         
20200301,69437101,21855,CELULAR BLU JENNY 2.8 T276 DB PRETO-VERMEL   
20200301,61931801,26635,CELULAR SEMP GO 1E 2G COM BASE PRETO         
20200229,03114501,26635,CELULAR SEMP GO 1E 2G COM BASE PRETO         
20200229,99FIK101,26635,CELULAR SEMP GO 1E 2G COM BASE PRETO         
20200229,34880201,26635,CELULAR SEMP GO 1E 2G COM BASE PRETO         
20200229,9O3E9R01,26635,CELULAR SEMP GO 1E 2G COM BASE PRETO         
20200229,44712601,26635,CELULAR SEMP GO 1E 2G COM BASE PRETO         
20200229,61951301,26635,CELULAR SEMP GO 1E 2G COM BASE PRETO         
20200229,99H8ZE01,26635,CELULAR SEMP GO 1E 2G COM BASE PRETO         
20200229,54976101,26635,CELULAR SEMP GO 1E 2G COM BASE PRETO         
20200229,28843401,26635,CELULAR SEMP GO 1E 2G COM BASE PRETO         
20200229,82487301,26635,CELULAR SEMP GO 1E 2G COM BASE PRETO         
20200229,73221701,26635,CELULAR SEMP GO 1E 2G COM BASE PRETO         
20200229,96646801,26635,CELULAR SEMP GO 1E 2G COM BASE PRETO         
20200229,61166801,26635,CELULAR SEMP GO 1E 2G COM BASE PRETO         
20200229,67465801,25586,SMARTPHONE RIU EKO 4.0 PRETO                 
20200229,68596001,26635,CELULAR SEMP GO 1E 2G COM BASE PRETO         
20200229,99J6AX01,26635,CELULAR SEMP GO 1E 2G COM BASE PRETO         
20200229,72672101,26635,CELULAR SEMP GO 1E 2G COM BASE PRETO         
20200229,99H45601,26635,CELULAR SEMP GO 1E 2G COM BASE PRETO         
20200229,9NY5JX01,26635,CELULAR SEMP GO 1E 2G COM BASE PRETO         
20200229,99EWHV01,26635,CELULAR SEMP GO 1E 2G COM BASE PRETO         
20200229,99GNST01,25727,SMARTPHONE SAMSUNG GAL J2 CORE 16GB PRATA    
20200229,99GNST01,26635,CELULAR SEMP GO 1E 2G COM BASE PRETO         
20200229,36482801,26635,CELULAR SEMP GO 1E 2G COM BASE PRETO         
20200229,9O9U4A01,26635,CELULAR SEMP GO 1E 2G COM BASE PRETO         
20200229,99PQ0B01,26635,CELULAR SEMP GO 1E 2G COM BASE PRETO         
20200229,99BH6901,26635,CELULAR SEMP GO 1E 2G COM BASE PRETO         
20200229,39926001,26635,CELULAR SEMP GO 1E 2G COM BASE PRETO         
20200229,99FB7301,26635,CELULAR SEMP GO 1E 2G COM BASE PRETO         
20200229,9O7XUP01,25934,TABLET NB306 M7 3G PLUS QUAD CORE DOURADA    
20200229,9O7XUP01,26635,CELULAR SEMP GO 1E 2G COM BASE PRETO         
20200229,YZ05T401,26635,CELULAR SEMP GO 1E 2G COM BASE PRETO         
20200228,10861201,26635,CELULAR SEMP GO 1E 2G COM BASE PRETO         
20200228,69437101,26635,CELULAR SEMP GO 1E 2G COM BASE PRETO         
20200228,98272301,26635,CELULAR SEMP GO 1E 2G COM BASE PRETO         
20200228,40090001,26635,CELULAR SEMP GO 1E 2G COM BASE PRETO         
20200228,50708701,26635,CELULAR SEMP GO 1E 2G COM BASE PRETO         
20200228,87538701,26635,CELULAR SEMP GO 1E 2G COM BASE PRETO         
20200228,14358601,26635,CELULAR SEMP GO 1E 2G COM BASE PRETO         
20200228,12930401,26635,CELULAR SEMP GO 1E 2G COM BASE PRETO         
20200228,25040501,26635,CELULAR SEMP GO 1E 2G COM BASE PRETO         
20200228,25040501,26635,CELULAR SEMP GO 1E 2G COM BASE PRETO         
20200228,99I4VB01,26635,CELULAR SEMP GO 1E 2G COM BASE PRETO         
20200228,99FBOG01,26528,SMARTPHONE LG K40S LMX430 BMW AZUL           
20200228,17484601,26635,CELULAR SEMP GO 1E 2G COM BASE PRETO         
20200228,42577801,26635,CELULAR SEMP GO 1E 2G COM BASE PRETO         
20200228,55003601,26635,CELULAR SEMP GO 1E 2G COM BASE PRETO         
20200228,55003601,25676,SMARTPHONE MOTOROLA MOTO G7 PLAY XT1952-5 DR 
20200228,99INXA01,26635,CELULAR SEMP GO 1E 2G COM BASE PRETO         
20200228,99GDYW01,23802,BOOMBOX BX-19 BIVOLT UP DYNAMIC              
20200228,9O1TOV01,26635,CELULAR SEMP GO 1E 2G COM BASE PRETO         
20200228,9O2FBX01,26635,CELULAR SEMP GO 1E 2G COM BASE PRETO         
20200228,26323601,26635,CELULAR SEMP GO 1E 2G COM BASE PRETO         
20200228,70233401,26635,CELULAR SEMP GO 1E 2G COM BASE PRETO         
20200228,09884101,26635,CELULAR SEMP GO 1E 2G COM BASE PRETO         
20200228,9OKHQU01,26635,CELULAR SEMP GO 1E 2G COM BASE PRETO         
20200228,9O46M001,26635,CELULAR SEMP GO 1E 2G COM BASE PRETO         
20200228,04077201,26635,CELULAR SEMP GO 1E 2G COM BASE PRETO         
20200228,9NZHEG01,26635,CELULAR SEMP GO 1E 2G COM BASE PRETO         
20200228,90812201,26635,CELULAR SEMP GO 1E 2G COM BASE PRETO         
20200228,18306701,26635,CELULAR SEMP GO 1E 2G COM BASE PRETO         
20200228,YZ053C01,26635,CELULAR SEMP GO 1E 2G COM BASE PRETO         
20200228,YZ04YG01,26635,CELULAR SEMP GO 1E 2G COM BASE PRETO         
20200228,YYZWAO01,26635,CELULAR SEMP GO 1E 2G COM BASE PRETO         
20200227,YZ040301,26635,CELULAR SEMP GO 1E 2G COM BASE PRETO         
20200227,99HJ2S01,26635,CELULAR SEMP GO 1E 2G COM BASE PRETO         
20200227,60836001,21256,CELULAR BLU TANK II T193 DB PRETO AZUL       
20200227,70298501,25729,SMARTPHONE SAMSUNG GAL J4 CORE 16GB COBRE    
20200227,70298501,26635,CELULAR SEMP GO 1E 2G COM BASE PRETO         
20200227,82207501,21855,CELULAR BLU JENNY 2.8 T276 DB PRETO-VERMEL   
20200227,82207501,26635,CELULAR SEMP GO 1E 2G COM BASE PRETO         
20200227,73096501,26635,CELULAR SEMP GO 1E 2G COM BASE PRETO         
20200227,99I2W101,26581,SMARTPHONE MOTOROLA MOTO G8 PLAY 32GB PT ONIX
20200227,17743401,25904,"TELEVISOR SMART 50"" UHD BT UN50RU7100 SAMSUNG"
20200227,87682301,26635,CELULAR SEMP GO 1E 2G COM BASE PRETO         
20200227,9OP9S101,26635,CELULAR SEMP GO 1E 2G COM BASE PRETO         
20200227,81500101,26635,CELULAR SEMP GO 1E 2G COM BASE PRETO         
20200227,9OIA4I01,26635,CELULAR SEMP GO 1E 2G COM BASE PRETO         
20200227,9O7AWQ01,25354,"TELEVISOR SMART 32"" UN32J4290 SAMSUNG        "
20200227,62045601,26635,CELULAR SEMP GO 1E 2G COM BASE PRETO         
20200226,19411101,25356,"TELEVISOR SMART 49"" UN49J5290 SAMSUNG        "
20200226,9OJTA301,26635,CELULAR SEMP GO 1E 2G COM BASE PRETO         
20200226,72454601,26635,CELULAR SEMP GO 1E 2G COM BASE PRETO         
20200226,72454601,26635,CELULAR SEMP GO 1E 2G COM BASE PRETO         
20200226,72454601,22617,CELULAR RIU-I R200 DB PRETO-VERMELHO         
20200226,89288801,26635,CELULAR SEMP GO 1E 2G COM BASE PRETO         
20200226,99GPR401,26177,TABLET NB720 MINI MS45 4G PRETO              
20200226,9O6AMF01,21647,DVD D-15 KARAOKE MONDIAL                     
20200226,9O6AMF01,26635,CELULAR SEMP GO 1E 2G COM BASE PRETO         
20200226,80387401,26635,CELULAR SEMP GO 1E 2G COM BASE PRETO         
20200226,72754301,26635,CELULAR SEMP GO 1E 2G COM BASE PRETO         
20200226,62008901,26635,CELULAR SEMP GO 1E 2G COM BASE PRETO         
20200226,68533701,26635,CELULAR SEMP GO 1E 2G COM BASE PRETO         
20200226,68533701,26635,CELULAR SEMP GO 1E 2G COM BASE PRETO         
20200226,60836001,26635,CELULAR SEMP GO 1E 2G COM BASE PRETO         
20200224,61811801,26635,CELULAR SEMP GO 1E 2G COM BASE PRETO         
20200224,61180601,26635,CELULAR SEMP GO 1E 2G COM BASE PRETO         
20200224,85928801,26569,SMARTPHONE SAMSUNG GAL A10S 32GB PRETO       
20200224,68596001,26635,CELULAR SEMP GO 1E 2G COM BASE PRETO         
20200223,YZ02MS01,26635,CELULAR SEMP GO 1E 2G COM BASE PRETO         
20200223,81267601,26635,CELULAR SEMP GO 1E 2G COM BASE PRETO         
20200222,61224401,26635,CELULAR SEMP GO 1E 2G COM BASE PRETO         
20200222,76995501,26635,CELULAR SEMP GO 1E 2G COM BASE PRETO         
20200222,76995501,23802,BOOMBOX BX-19 BIVOLT UP DYNAMIC              
20200222,9ON5JG01,26635,CELULAR SEMP GO 1E 2G COM BASE PRETO         
20200222,84738401,26635,CELULAR SEMP GO 1E 2G COM BASE PRETO         
20200222,9OMLNK01,26635,CELULAR SEMP GO 1E 2G COM BASE PRETO         
20200222,9OMLNK01,25244,TABLET NB730 MINI MS50G PRATA/PRETO          
20200222,9OJWO501,26635,CELULAR SEMP GO 1E 2G COM BASE PRETO         
20200222,86038401,26635,CELULAR SEMP GO 1E 2G COM BASE PRETO         
20200222,60376801,26635,CELULAR SEMP GO 1E 2G COM BASE PRETO         
20200222,77893701,26635,CELULAR SEMP GO 1E 2G COM BASE PRETO         
20200222,61371101,26635,CELULAR SEMP GO 1E 2G COM BASE PRETO         
20200221,99GPR401,26635,CELULAR SEMP GO 1E 2G COM BASE PRETO         
20200221,99GPR401,25367,TABLET NB729 MINI MS40G BRANCO               
20200221,9NXH1J01,21603,DVD D-14 GAME STAR II MONDIAL                
20200221,65888901,26635,CELULAR SEMP GO 1E 2G COM BASE PRETO         
20200213,75813401,25996,"TELEVISOR 32"" 32S6500S HD LED SEMP TCL       "
20200211,12650001,25545,"TELEVISOR SMART 40"" TC40FS600B PANASONIC     "
20200211,80850101,24716,RECEPTOR MIDIA BOX HDTV B3                   
20200211,80850101,25545,"TELEVISOR SMART 40"" TC40FS600B PANASONIC     "
20200211,99H1Z101,23802,BOOMBOX BX-19 BIVOLT UP DYNAMIC              
20200208,9NY5JX01,26586,BOX LINE OCM 4010 DIAMOND PT ONEAL           
20200208,99GR0401,25545,"TELEVISOR SMART 40"" TC40FS600B PANASONIC     "
20200207,76990901,25241,PEN DRIVE MC162 2X1 LEITOR USB SD 16GB       
20200207,99LS4T01,23802,BOOMBOX BX-19 BIVOLT UP DYNAMIC              
20200204,9ODT1J01,25546,"TELEVISOR SMART 32"" TC32FS600B PANASONIC     "
20200204,99CDZQ01,24851,TABLET NB706 MINI MS50L PRETO/GRAFIT         
20200201,00552701,25545,"TELEVISOR SMART 40"" TC40FS600B PANASONIC     "
20200201,00552701,21653,SUPORTE TV UNIVERSAL LCD/LED 10 A 71 SBRUB750
20200131,39926001,23783,RADIO CJ44 ABRALLK LG                        
20200130,99H45B01,21255,CELULAR BLU TANK II T193 DB PRETO VERMELHO   
20200125,9OP4G301,25675,SMARTPHONE MOTOROLA MOTO G7 PLAY XT1952-5 IND
20200124,18306701,21256,CELULAR BLU TANK II T193 DB PRETO AZUL       
20200121,16193601,21256,CELULAR BLU TANK II T193 DB PRETO AZUL       
20200121,42400401,21255,CELULAR BLU TANK II T193 DB PRETO VERMELHO   
20200116,10222001,25870,TABLET NB296 M7S LITE 8GB PRETO              
20200113,03114501,26432,AUTO RADIO AR-06 PRETO                       
20200112,9NZHEG01,25982,SMARTPHONE SAMSUNG GAL A10  A105 32GB AZUL   
20200111,57374701,20966,PEN DRIVE 32GB PD589 TWIST PRETO             
20200110,YYZC7001,25585,SMARTPHONE RIU EKO 4.0 DOURADO               
20200109,49823301,26590,RADIO PORTATIL TR04B C/CD/BLUETOOTH SEMP     
20200108,14358601,25354,"TELEVISOR SMART 32"" UN32J4290 SAMSUNG        "
20200108,14358601,21653,SUPORTE TV UNIVERSAL LCD/LED 10 A 71 SBRUB750
20200107,99N6ZE01,23447,REPETIDOR RE051 300MPS WPS MULTILASER        
20200107,14038101,20385,TABLET NB184 M7S QUAD CORE PRETO             
20200107,10061901,19729,PEN DRIVE 8GB PD587 TWIST PRETO              
20200107,99H7OI01,21256,CELULAR BLU TANK II T193 DB PRETO AZUL       
20200107,21830701,26574,SMARTPHONE SAMSUNG GAL A30S 64GB BRANCO      
20200107,67465801,25354,"TELEVISOR SMART 32"" UN32J4290 SAMSUNG        "
20200105,72716401,25729,SMARTPHONE SAMSUNG GAL J4 CORE 16GB COBRE    
20200104,99FTEI01,26423,CAIXA AMPLIFICADA CM-09 CONNECT DJ CONTROLLER
20200103,90799001,26222,CELULAR INFINITY W201 PRETO                  
20200102,84722901,25981,SMARTPHONE SAMSUNG GAL A10  A105 32GB PRETO  
20200102,63286501,25441,SMARTPHONE SAMSUNG GALAXY J810M  64GB VIOLETA
20191231,19953701,26005,SMARTPHONE SAMSUNG GAL A20  A205 32GB VERM   
20191228,07449901,21653,SUPORTE TV UNIVERSAL LCD/LED 10 A 71 SBRUB750
20191227,32133101,25676,SMARTPHONE MOTOROLA MOTO G7 PLAY XT1952-5 DR 
20191226,30333201,21255,CELULAR BLU TANK II T193 DB PRETO VERMELHO   
20191226,61180601,21855,CELULAR BLU JENNY 2.8 T276 DB PRETO-VERMEL   
20191223,82487301,26243,SUPORTE UNIV. BEDIN BU-25                    
20191220,9NZU7B01,25703,CAIXA AMPLIFICADA CM-13 BIVOLT BLUETOOTH     
20191217,67798901,26222,CELULAR INFINITY W201 PRETO                  
20191213,80379301,25244,TABLET NB730 MINI MS50G PRATA/PRETO          
20191213,72462301,25728,SMARTPHONE SAMSUNG GAL J4 CORE 16GB PRETO    
20191211,17748101,21854,CELULAR BLU JENNY 2.8 T276 DB PRETO-AZUL     
20191211,17748101,19524,RADIO RECEPTOR 7 FXS RM PFT73AC              
20191210,13794501,25729,SMARTPHONE SAMSUNG GAL J4 CORE 16GB COBRE    
20191210,00898501,25996,"TELEVISOR 32"" 32S6500S HD LED SEMP TCL       "
20191209,99F9TD01,21256,CELULAR BLU TANK II T193 DB PRETO AZUL       
20191207,09299201,21647,DVD D-15 KARAOKE MONDIAL                     
20191206,55584601,25996,"TELEVISOR 32"" 32S6500S HD LED SEMP TCL       "
20191206,00182701,26222,CELULAR INFINITY W201 PRETO                  
20191205,99F9NT01,26003,SMARTPHONE SAMSUNG GAL A20  A205 32GB PRETO  
20191205,21830701,22617,CELULAR RIU-I R200 DB PRETO-VERMELHO         
20191205,03114501,19729,PEN DRIVE 8GB PD587 TWIST PRETO              
20191202,99EY3201,24716,RECEPTOR MIDIA BOX HDTV B3                   
20191130,12772201,21854,CELULAR BLU JENNY 2.8 T276 DB PRETO-AZUL     
20191130,68479701,26243,SUPORTE UNIV. BEDIN BU-25                    
20191130,68479701,25997,"TELEVISOR 40"" 40S6500FS HD LED SEMP TCL      "
20191129,87352601,21653,SUPORTE TV UNIVERSAL LCD/LED 10 A 71 SBRUB750
20191129,73221701,22752,CELULAR RIU FLIP 2.4 DB DOURADO              
20191129,9O1A0201,25872,SMARTPHONE LG K12 PLUS  AZUL                 
20191129,97984301,26003,SMARTPHONE SAMSUNG GAL A20  A205 32GB PRETO  
20191127,99C0IF01,26178,"TELEVISOR SMART 49"" 49SK6200 HD LED 4K SEMP T"
20191127,99FHVP01,26460,CAIXA DE SOM AMPLIF.TROLLEY 8 POL SP329      
20191125,YYY9SZ01,14537,PEN DRIVE 16GB PD588 TWIST PRETO             
20191125,11823301,23802,BOOMBOX BX-19 BIVOLT UP DYNAMIC              
20191125,9OJFHU01,25933,TABLET NB304 M7 3G PLUS QUAD CORE PRETO      
20191123,99GDYW01,25997,"TELEVISOR 40"" 40S6500FS HD LED SEMP TCL      "
20191122,69579201,25726,SMARTPHONE SAMSUNG GAL J2 CORE 16GB PRETO    
20191122,000Z4C01,21255,CELULAR BLU TANK II T193 DB PRETO VERMELHO   
20191121,87723101,26243,SUPORTE UNIV. BEDIN BU-25                    
20191121,87723101,25997,"TELEVISOR 40"" 40S6500FS HD LED SEMP TCL      "
20191121,42676601,25870,TABLET NB296 M7S LITE 8GB PRETO              
20191121,59984601,25675,SMARTPHONE MOTOROLA MOTO G7 PLAY XT1952-5 IND
20191118,58844001,26243,SUPORTE UNIV. BEDIN BU-25                    
20191116,31161901,15713,SUPORTE PRETO TV LCD 10 A 55 BR ART SBRP130  
20191114,000UHZ01,25981,SMARTPHONE SAMSUNG GAL A10  A105 32GB PRETO  
20191114,99GPQG01,21647,DVD D-15 KARAOKE MONDIAL                     
20191111,43985401,25243,PEN DRIVE 16GB PD688 TWIST ROSA MULTILASER   
20191111,9OPANV01,25481,SMARTPHONE LG K9 TV LM-X210BMW DOURADO       
20191108,14147601,21653,SUPORTE TV UNIVERSAL LCD/LED 10 A 71 SBRUB750
20191105,78143701,23725,AUTO RADIO DVH7880                           
20191104,12505501,21855,CELULAR BLU JENNY 2.8 T276 DB PRETO-VERMEL   
20191029,82549901,25982,SMARTPHONE SAMSUNG GAL A10  A105 32GB AZUL   
20191028,9ORB6201,23802,BOOMBOX BX-19 BIVOLT UP DYNAMIC              
20191025,13866401,26003,SMARTPHONE SAMSUNG GAL A20  A205 32GB PRETO  
20191025,25040501,25983,SMARTPHONE SAMSUNG GAL A10  A105 32GB VERMELH
20191018,19877901,25727,SMARTPHONE SAMSUNG GAL J2 CORE 16GB PRATA    
20191017,58238001,25699,RADIO AUTOMOTIVO P3336 POP BT 4X25W PT       
20191016,18929901,25982,SMARTPHONE SAMSUNG GAL A10  A105 32GB AZUL   
20191016,99I2W101,25173,SMARTPHONE LG K9 TV LM-X210BMW INDIGO        
20191012,34759201,25872,SMARTPHONE LG K12 PLUS  AZUL                 
20191011,32107601,25884,CAIXA AMPLIFICADA MCO-07 MULTI CONNECT       
20191010,82549901,25481,SMARTPHONE LG K9 TV LM-X210BMW DOURADO       
20191008,99F60301,26222,CELULAR INFINITY W201 PRETO                  
20191007,27056401,25884,CAIXA AMPLIFICADA MCO-07 MULTI CONNECT       
20191007,35418801,26181,RADIO PORTATIL MULTIBANDA TR849              
20191005,99ECDS01,21647,DVD D-15 KARAOKE MONDIAL                     
20191004,63432501,25996,"TELEVISOR 32"" 32S6500S HD LED SEMP TCL       "
20191003,55073801,25981,SMARTPHONE SAMSUNG GAL A10  A105 32GB PRETO  
20190930,9OOVFY01,25546,"TELEVISOR SMART 32"" TC32FS600B PANASONIC     "
20190928,37077801,25728,SMARTPHONE SAMSUNG GAL J4 CORE 16GB PRETO    
20190926,99KRYM01,26247,SMARTPHONE LG K8 PLUS PRETO                  
20190924,9OQU4P01,22752,CELULAR RIU FLIP 2.4 DB DOURADO              
20190924,9O25X501,24373,"TELEVISOR SMART 43"" 43LJ5550 LG              "
20190924,99GKU001,22175,CELULAR BLU TANK II T193 DB PRETO AMARELO    
20190921,66149101,26222,CELULAR INFINITY W201 PRETO                  
20190918,99C87301,24524,BOX LINE OCM 3912 ONEAL                      
20190918,21830701,19525,RADIO RECEPTOR 2 FXS RM PFT22AC              
20190917,9O3E9R01,25554,TELEVISOR SMART 32 PTV32N87SA LED PHILCO     
20190916,10435301,26007,SMARTPHONE SAMSUNG GAL A30 A305 64GB AZUL    
20190913,95939801,21653,SUPORTE TV UNIVERSAL LCD/LED 10 A 71 SBRUB750
20190912,14147601,26003,SMARTPHONE SAMSUNG GAL A20  A205 32GB PRETO  
20190912,9OQNZG01,24576,"TELEVISOR SMART 43"" 43PFG5102 PHILIPS        "
20190912,14038101,25684,SMARTPHONE MOTOROLA MOTO ONE DB BRANCO       
20190910,49852801,21855,CELULAR BLU JENNY 2.8 T276 DB PRETO-VERMEL   
20190909,18399001,19634,RADIO NBX-06 CONECT STAR MONDIAL             
20190905,49522501,26003,SMARTPHONE SAMSUNG GAL A20  A205 32GB PRETO  
20190905,44033801,21256,CELULAR BLU TANK II T193 DB PRETO AZUL       
20190904,19411101,25906,"TELEVISOR SMART 65"" UHD BT UN65RU7100 SAMSUNG"
20190904,12505501,21855,CELULAR BLU JENNY 2.8 T276 DB PRETO-VERMEL   
20190902,14038101,25700,TABLET NB273 M7S PLUS 8GB PRETO              
20190829,9OFHL501,25582,SMARTPHONE LG K11 PLUS DB DOURADO            
20190829,35418801,26177,TABLET NB720 MINI MS45 4G PRETO              
20190827,99KRYM01,21255,CELULAR BLU TANK II T193 DB PRETO VERMELHO   
20190825,99F60301,21854,CELULAR BLU JENNY 2.8 T276 DB PRETO-AZUL     
20190824,18884501,22752,CELULAR RIU FLIP 2.4 DB DOURADO              
20190824,9O468K01,17591,HOME THEATER HT-07 MONDIAL                   
20190823,99D9CP01,25676,SMARTPHONE MOTOROLA MOTO G7 PLAY XT1952-5 DR 
20190823,99EF3301,25700,TABLET NB273 M7S PLUS 8GB PRETO              
20190823,80387401,25172,SMARTPHONE LG K9 TV LM-X210BMW PRETO         
20190823,9OIA4I01,25535,SMARTPHONE SAMSUNG GAL J2 PRIME S/ TV 16GB DR
20190820,80309101,26005,SMARTPHONE SAMSUNG GAL A20  A205 32GB VERM   
20190819,50708701,19729,PEN DRIVE 8GB PD587 TWIST PRETO              
20190819,84267701,26053,TABLET NB274 M7S PLUS 8GB AZUL               
20190818,9OCF1K01,25982,SMARTPHONE SAMSUNG GAL A10  A105 32GB AZUL   
20190815,00552701,24276,AUTO RADIO MVH-98UB PIONEER                  
20190814,99GCFO01,25982,SMARTPHONE SAMSUNG GAL A10  A105 32GB AZUL   
20190812,08137501,26222,CELULAR INFINITY W201 PRETO                  
20190812,25426401,24276,AUTO RADIO MVH-98UB PIONEER                  
20190812,9OBHWN01,21653,SUPORTE TV UNIVERSAL LCD/LED 10 A 71 SBRUB750
20190812,96746501,24335,"TELEVISOR SMART 43"" L43S4900FS SEMP TCL      "
20190810,90799001,25726,SMARTPHONE SAMSUNG GAL J2 CORE 16GB PRETO    
20190809,63353801,26006,SMARTPHONE SAMSUNG GAL A30 A305 64GB PRETO   
20190809,48619001,26006,SMARTPHONE SAMSUNG GAL A30 A305 64GB PRETO   
20190808,9O08E501,25675,SMARTPHONE MOTOROLA MOTO G7 PLAY XT1952-5 IND
20190808,45372701,21821,PEN DRIVE NANO 16GB PD054 PRETO              
20190807,99J0N501,21854,CELULAR BLU JENNY 2.8 T276 DB PRETO-AZUL     
20190806,99EJH001,25726,SMARTPHONE SAMSUNG GAL J2 CORE 16GB PRETO    
20190803,87682301,25718,"TELEVISOR SMART 50"" 50P65US ULTRA HD 4K      "
20190802,83034701,23802,BOOMBOX BX-19 BIVOLT UP DYNAMIC              
20190801,18076501,22218,CONJ.SC-AKX220LBK PANASONIC                  
20190801,35418801,25726,SMARTPHONE SAMSUNG GAL J2 CORE 16GB PRETO    
